start_date,end_date,pollster,sample_size,dem,rep,methodology,pollster_rating_id,numeric_grade,margin,dem_roll7,rep_roll7,margin_roll7
2022-11-09,2022-11-11,Morning Consult,7439.0,47.0,44.0,Online Panel,218,1.8,3.0,47.0,44.0,3.0
2022-11-10,2022-11-12,Morning Consult,7439.0,48.0,44.0,Online Panel,218,1.8,4.0,47.5,44.0,3.5
2022-11-11,2022-11-13,Morning Consult,7439.0,48.0,44.0,Online Panel,218,1.8,4.0,47.666666666666664,44.0,3.6666666666666665
2022-11-12,2022-11-14,Morning Consult,7439.0,48.0,44.0,Online Panel,218,1.8,4.0,47.75,44.0,3.75
2022-11-13,2022-11-15,Morning Consult,7439.0,47.0,44.0,Online Panel,218,1.8,3.0,47.6,44.0,3.6
2022-11-14,2022-11-16,Morning Consult,7439.0,47.0,43.0,Online Panel,218,1.8,4.0,47.5,43.833333333333336,3.6666666666666665
2022-11-15,2022-11-17,Morning Consult,7439.0,47.0,43.0,Online Panel,218,1.8,4.0,47.42857142857143,43.714285714285715,3.7142857142857144
2022-11-16,2022-11-18,Morning Consult,7439.0,47.0,43.0,Online Panel,218,1.8,4.0,47.42857142857143,43.57142857142857,3.857142857142857
2022-11-17,2022-11-19,Morning Consult,7439.0,47.0,43.0,Online Panel,218,1.8,4.0,47.285714285714285,43.42857142857143,3.857142857142857
2022-11-18,2022-11-19,Emerson,1380.0,45.1,42.9,IVR/Online Panel,88,2.9,2.200000000000003,46.871428571428574,43.271428571428565,3.6000000000000005
2022-11-18,2022-11-20,Morning Consult,7439.0,46.0,44.0,Online Panel,218,1.8,2.0,46.58571428571429,43.271428571428565,3.3142857142857145
2022-11-19,2022-11-21,Morning Consult,7439.0,46.0,44.0,Online Panel,218,1.8,2.0,46.44285714285714,43.271428571428565,3.1714285714285717
2022-11-20,2022-11-22,Morning Consult,7439.0,46.0,44.0,Online Panel,218,1.8,2.0,46.300000000000004,43.41428571428571,2.885714285714286
2022-11-21,2022-11-23,Morning Consult,7439.0,46.0,44.0,Online Panel,218,1.8,2.0,46.15714285714286,43.55714285714286,2.6000000000000005
2022-11-22,2022-11-24,Morning Consult,7439.0,47.0,44.0,Online Panel,218,1.8,3.0,46.15714285714286,43.699999999999996,2.4571428571428577
2022-11-23,2022-11-25,Morning Consult,7439.0,46.0,44.0,Online Panel,218,1.8,2.0,46.01428571428572,43.84285714285714,2.1714285714285717
2022-11-24,2022-11-26,Morning Consult,7439.0,46.0,44.0,Online Panel,218,1.8,2.0,46.142857142857146,44.0,2.142857142857143
2022-11-25,2022-11-27,Morning Consult,7439.0,46.0,43.0,Online Panel,218,1.8,3.0,46.142857142857146,43.857142857142854,2.2857142857142856
2022-11-26,2022-11-28,Morning Consult,7439.0,47.0,43.0,Online Panel,218,1.8,4.0,46.285714285714285,43.714285714285715,2.5714285714285716
2022-11-27,2022-11-29,Morning Consult,7439.0,47.0,43.0,Online Panel,218,1.8,4.0,46.42857142857143,43.57142857142857,2.857142857142857
2022-11-28,2022-11-30,Morning Consult,7439.0,47.0,43.0,Online Panel,218,1.8,4.0,46.57142857142857,43.42857142857143,3.142857142857143
2022-11-29,2022-12-01,Morning Consult,7439.0,46.0,44.0,Online Panel,218,1.8,2.0,46.42857142857143,43.42857142857143,3.0
2022-11-30,2022-12-02,Morning Consult,7439.0,46.0,44.0,Online Panel,218,1.8,2.0,46.42857142857143,43.42857142857143,3.0
2022-12-01,2022-12-03,Morning Consult,7439.0,46.0,44.0,Online Panel,218,1.8,2.0,46.42857142857143,43.42857142857143,3.0
2022-12-02,2022-12-04,Morning Consult,7439.0,46.0,44.0,Online Panel,218,1.8,2.0,46.42857142857143,43.57142857142857,2.857142857142857
2022-12-03,2022-12-05,Morning Consult,7439.0,46.0,43.0,Online Panel,218,1.8,3.0,46.285714285714285,43.57142857142857,2.7142857142857144
2022-12-04,2022-12-06,Morning Consult,7439.0,46.0,43.0,Online Panel,218,1.8,3.0,46.142857142857146,43.57142857142857,2.5714285714285716
2022-12-05,2022-12-07,Morning Consult,7439.0,46.0,43.0,Online Panel,218,1.8,3.0,46.0,43.57142857142857,2.4285714285714284
2022-12-06,2022-12-08,Morning Consult,7439.0,46.0,43.0,Online Panel,218,1.8,3.0,46.0,43.42857142857143,2.5714285714285716
2022-12-07,2022-12-09,Morning Consult,7439.0,46.0,43.0,Online Panel,218,1.8,3.0,46.0,43.285714285714285,2.7142857142857144
2022-12-08,2022-12-10,Morning Consult,7439.0,47.0,44.0,Online Panel,218,1.8,3.0,46.142857142857146,43.285714285714285,2.857142857142857
2022-12-09,2022-12-11,Morning Consult,7439.0,46.0,44.0,Online Panel,218,1.8,2.0,46.142857142857146,43.285714285714285,2.857142857142857
2022-12-09,2022-12-14,McLaughlin,1000.0,44.0,48.0,Online Panel,203,0.5,-4.0,45.857142857142854,44.0,1.8571428571428572
2022-12-10,2022-12-12,Morning Consult,7439.0,46.0,44.0,Online Panel,218,1.8,2.0,45.857142857142854,44.142857142857146,1.7142857142857142
2022-12-11,2022-12-13,Morning Consult,7439.0,46.0,44.0,Online Panel,218,1.8,2.0,45.857142857142854,44.285714285714285,1.5714285714285714
2022-12-12,2022-12-14,Morning Consult,7439.0,46.0,44.0,Online Panel,218,1.8,2.0,45.857142857142854,44.42857142857143,1.4285714285714286
2022-12-13,2022-12-15,Morning Consult,7439.0,47.0,44.0,Online Panel,218,1.8,3.0,46.0,44.57142857142857,1.4285714285714286
2022-12-14,2022-12-16,Morning Consult,7439.0,46.0,44.0,Online Panel,218,1.8,2.0,45.857142857142854,44.57142857142857,1.2857142857142858
2022-12-15,2022-12-17,Morning Consult,7439.0,46.0,43.0,Online Panel,218,1.8,3.0,45.857142857142854,44.42857142857143,1.4285714285714286
2022-12-16,2022-12-18,Morning Consult,7439.0,46.0,43.0,Online Panel,218,1.8,3.0,46.142857142857146,43.714285714285715,2.4285714285714284
2022-12-17,2022-12-19,Morning Consult,7439.0,46.0,43.0,Online Panel,218,1.8,3.0,46.142857142857146,43.57142857142857,2.5714285714285716
2022-12-18,2022-12-20,Morning Consult,7439.0,46.0,43.0,Online Panel,218,1.8,3.0,46.142857142857146,43.42857142857143,2.7142857142857144
2022-12-19,2022-12-21,Morning Consult,7439.0,46.0,43.0,Online Panel,218,1.8,3.0,46.142857142857146,43.285714285714285,2.857142857142857
2022-12-20,2022-12-22,Morning Consult,7439.0,46.0,43.0,Online Panel,218,1.8,3.0,46.0,43.142857142857146,2.857142857142857
2022-12-21,2022-12-23,Morning Consult,7439.0,46.0,43.0,Online Panel,218,1.8,3.0,46.0,43.0,3.0
2022-12-22,2022-12-24,Morning Consult,7439.0,46.0,43.0,Online Panel,218,1.8,3.0,46.0,43.0,3.0
2022-12-23,2022-12-25,Morning Consult,7439.0,46.0,43.0,Online Panel,218,1.8,3.0,46.0,43.0,3.0
2022-12-24,2022-12-26,Morning Consult,7439.0,46.0,44.0,Online Panel,218,1.8,2.0,46.0,43.142857142857146,2.857142857142857
2022-12-25,2022-12-27,Morning Consult,7439.0,46.0,43.0,Online Panel,218,1.8,3.0,46.0,43.142857142857146,2.857142857142857
2022-12-26,2022-12-28,Morning Consult,7439.0,45.0,44.0,Online Panel,218,1.8,1.0,45.857142857142854,43.285714285714285,2.5714285714285716
2022-12-27,2022-12-29,Morning Consult,7439.0,46.0,43.0,Online Panel,218,1.8,3.0,45.857142857142854,43.285714285714285,2.5714285714285716
2022-12-28,2022-12-30,Morning Consult,7439.0,46.0,43.0,Online Panel,218,1.8,3.0,45.857142857142854,43.285714285714285,2.5714285714285716
2022-12-29,2022-12-31,Morning Consult,7439.0,46.0,43.0,Online Panel,218,1.8,3.0,45.857142857142854,43.285714285714285,2.5714285714285716
2022-12-30,2023-01-01,Morning Consult,7439.0,46.0,43.0,Online Panel,218,1.8,3.0,45.857142857142854,43.285714285714285,2.5714285714285716
2022-12-31,2023-01-02,Morning Consult,7439.0,46.0,43.0,Online Panel,218,1.8,3.0,45.857142857142854,43.142857142857146,2.7142857142857144
2023-01-01,2023-01-03,Morning Consult,7439.0,46.0,42.0,Online Panel,218,1.8,4.0,45.857142857142854,43.0,2.857142857142857
2023-01-02,2023-01-04,Morning Consult,7439.0,46.0,43.0,Online Panel,218,1.8,3.0,46.0,42.857142857142854,3.142857142857143
2023-01-03,2023-01-05,Morning Consult,7439.0,46.0,43.0,Online Panel,218,1.8,3.0,46.0,42.857142857142854,3.142857142857143
2023-01-04,2023-01-06,Morning Consult,7439.0,45.0,44.0,Online Panel,218,1.8,1.0,45.857142857142854,43.0,2.857142857142857
2023-01-05,2023-01-07,Morning Consult,7439.0,46.0,43.0,Online Panel,218,1.8,3.0,45.857142857142854,43.0,2.857142857142857
2023-01-06,2023-01-08,Morning Consult,7439.0,46.0,43.0,Online Panel,218,1.8,3.0,45.857142857142854,43.0,2.857142857142857
2023-01-07,2023-01-09,Morning Consult,7439.0,46.0,43.0,Online Panel,218,1.8,3.0,45.857142857142854,43.0,2.857142857142857
2023-01-08,2023-01-10,Morning Consult,7439.0,45.0,43.0,Online Panel,218,1.8,2.0,45.714285714285715,43.142857142857146,2.5714285714285716
2023-01-09,2023-01-11,Morning Consult,7439.0,45.0,43.0,Online Panel,218,1.8,2.0,45.57142857142857,43.142857142857146,2.4285714285714284
2023-01-10,2023-01-12,Morning Consult,7439.0,45.0,43.0,Online Panel,218,1.8,2.0,45.42857142857143,43.142857142857146,2.2857142857142856
2023-01-11,2023-01-13,Morning Consult,7439.0,46.0,43.0,Online Panel,218,1.8,3.0,45.57142857142857,43.0,2.5714285714285716
2023-01-12,2023-01-16,YouGov,1029.0,46.0,40.0,Online Panel,391,2.9,6.0,45.57142857142857,42.57142857142857,3.0
2023-01-12,2023-01-14,Morning Consult,7439.0,45.0,43.0,Online Panel,218,1.8,2.0,45.42857142857143,42.57142857142857,2.857142857142857
2023-01-13,2023-01-15,Morning Consult,7439.0,45.0,43.0,Online Panel,218,1.8,2.0,45.285714285714285,42.57142857142857,2.7142857142857144
2023-01-14,2023-01-16,Morning Consult,7439.0,45.0,43.0,Online Panel,218,1.8,2.0,45.285714285714285,42.57142857142857,2.7142857142857144
2023-01-15,2023-01-17,Morning Consult,7439.0,46.0,43.0,Online Panel,218,1.8,3.0,45.42857142857143,42.57142857142857,2.857142857142857
2023-01-16,2023-01-18,Morning Consult,7439.0,45.0,43.0,Online Panel,218,1.8,2.0,45.42857142857143,42.57142857142857,2.857142857142857
2023-01-17,2023-01-19,Morning Consult,7439.0,46.0,43.0,Online Panel,218,1.8,3.0,45.42857142857143,42.57142857142857,2.857142857142857
2023-01-18,2023-01-20,Morning Consult,7439.0,45.0,43.0,Online Panel,218,1.8,2.0,45.285714285714285,43.0,2.2857142857142856
2023-01-19,2023-01-24,McLaughlin,1000.0,42.0,47.0,Online Panel,203,0.5,-5.0,44.857142857142854,43.57142857142857,1.2857142857142858
2023-01-19,2023-01-21,Emerson,1015.0,44.7,42.2,IVR/Online Panel,88,2.9,2.5,44.81428571428571,43.457142857142856,1.3571428571428572
2023-01-19,2023-01-20,Cygnal,2529.0,46.0,45.4,Online Panel/Text-to-Web,67,2.1,0.6000000000000014,44.957142857142856,43.800000000000004,1.1571428571428573
2023-01-19,2023-01-21,Morning Consult,7439.0,46.0,43.0,Online Panel,218,1.8,3.0,44.957142857142856,43.800000000000004,1.1571428571428573
2023-01-20,2023-01-24,Hart/POS,810.0,46.0,47.0,Live Phone,221,2.6,-1.0,45.1,44.371428571428574,0.7285714285714288
2023-01-20,2023-01-22,Morning Consult,7439.0,45.0,43.0,Online Panel,218,1.8,2.0,44.957142857142856,44.371428571428574,0.585714285714286
2023-01-21,2023-01-23,Morning Consult,7439.0,45.0,43.0,Online Panel,218,1.8,2.0,44.957142857142856,44.371428571428574,0.585714285714286
2023-01-22,2023-01-24,Morning Consult,7439.0,45.0,43.0,Online Panel,218,1.8,2.0,45.385714285714286,43.800000000000004,1.5857142857142859
2023-01-23,2023-01-25,Morning Consult,7439.0,45.0,43.0,Online Panel,218,1.8,2.0,45.42857142857143,43.91428571428571,1.5142857142857145
2023-01-24,2023-01-26,Morning Consult,7439.0,45.0,43.0,Online Panel,218,1.8,2.0,45.285714285714285,43.57142857142857,1.7142857142857142
2023-01-25,2023-01-27,Morning Consult,7439.0,46.0,42.0,Online Panel,218,1.8,4.0,45.285714285714285,43.42857142857143,1.8571428571428572
2023-01-26,2023-01-28,Morning Consult,7439.0,46.0,42.0,Online Panel,218,1.8,4.0,45.285714285714285,42.714285714285715,2.5714285714285716
2023-01-27,2023-01-29,Morning Consult,7439.0,46.0,42.0,Online Panel,218,1.8,4.0,45.42857142857143,42.57142857142857,2.857142857142857
2023-01-28,2023-01-30,Morning Consult,7439.0,45.0,42.0,Online Panel,218,1.8,3.0,45.42857142857143,42.42857142857143,3.0
2023-01-29,2023-01-31,Morning Consult,7439.0,45.0,42.0,Online Panel,218,1.8,3.0,45.42857142857143,42.285714285714285,3.142857142857143
2023-01-30,2023-02-01,Morning Consult,7439.0,44.0,43.0,Online Panel,218,1.8,1.0,45.285714285714285,42.285714285714285,3.0
2023-01-31,2023-02-02,Morning Consult,7439.0,44.0,43.0,Online Panel,218,1.8,1.0,45.142857142857146,42.285714285714285,2.857142857142857
2023-02-01,2023-02-03,Morning Consult,7439.0,45.0,43.0,Online Panel,218,1.8,2.0,45.0,42.42857142857143,2.5714285714285716
2023-02-02,2023-02-06,YouGov,1063.0,45.0,42.0,Online Panel,391,2.9,3.0,44.857142857142854,42.42857142857143,2.4285714285714284
2023-02-02,2023-02-04,Morning Consult,7439.0,45.0,43.0,Online Panel,218,1.8,2.0,44.714285714285715,42.57142857142857,2.142857142857143
2023-02-03,2023-02-05,Morning Consult,7439.0,45.0,43.0,Online Panel,218,1.8,2.0,44.714285714285715,42.714285714285715,2.0
2023-02-04,2023-02-06,Morning Consult,7439.0,45.0,43.0,Online Panel,218,1.8,2.0,44.714285714285715,42.857142857142854,1.8571428571428572
2023-02-05,2023-02-07,Morning Consult,7439.0,45.0,43.0,Online Panel,218,1.8,2.0,44.857142857142854,42.857142857142854,2.0
2023-02-06,2023-02-08,Morning Consult,7439.0,45.0,43.0,Online Panel,218,1.8,2.0,45.0,42.857142857142854,2.142857142857143
2023-02-07,2023-02-09,Morning Consult,7439.0,46.0,42.0,Online Panel,218,1.8,4.0,45.142857142857146,42.714285714285715,2.4285714285714284
2023-02-08,2023-02-10,Morning Consult,7439.0,47.0,42.0,Online Panel,218,1.8,5.0,45.42857142857143,42.714285714285715,2.7142857142857144
2023-02-09,2023-02-11,Morning Consult,7439.0,46.0,42.0,Online Panel,218,1.8,4.0,45.57142857142857,42.57142857142857,3.0
2023-02-10,2023-02-12,Morning Consult,7439.0,45.0,43.0,Online Panel,218,1.8,2.0,45.57142857142857,42.57142857142857,3.0
2023-02-11,2023-02-13,Morning Consult,7439.0,44.0,43.0,Online Panel,218,1.8,1.0,45.42857142857143,42.57142857142857,2.857142857142857
2023-02-12,2023-02-14,Morning Consult,7439.0,45.0,43.0,Online Panel,218,1.8,2.0,45.42857142857143,42.57142857142857,2.857142857142857
2023-02-13,2023-02-15,Morning Consult,7439.0,45.0,43.0,Online Panel,218,1.8,2.0,45.42857142857143,42.57142857142857,2.857142857142857
2023-02-14,2023-02-16,Morning Consult,7439.0,46.0,43.0,Online Panel,218,1.8,3.0,45.42857142857143,42.714285714285715,2.7142857142857144
2023-02-14,2023-02-20,Clarity,2002.0,42.0,44.0,Online Panel,52,1.6,-2.0,44.714285714285715,43.0,1.7142857142857142
2023-02-15,2023-02-17,Morning Consult,7439.0,45.0,43.0,Online Panel,218,1.8,2.0,44.57142857142857,43.142857142857146,1.4285714285714286
2023-02-16,2023-02-18,Morning Consult,7439.0,45.0,43.0,Online Panel,218,1.8,2.0,44.57142857142857,43.142857142857146,1.4285714285714286
2023-02-17,2023-02-23,McLaughlin,1000.0,41.0,48.0,Online Panel,203,0.5,-7.0,44.142857142857146,43.857142857142854,0.2857142857142857
2023-02-17,2023-02-22,Bullfinch,1201.0,42.0,37.0,Live Phone,692,1.8,5.0,43.714285714285715,43.0,0.7142857142857143
2023-02-17,2023-02-22,Bullfinch,1001.0,44.0,38.0,Live Phone,692,1.8,6.0,43.57142857142857,42.285714285714285,1.2857142857142858
2023-02-17,2023-02-19,Morning Consult,7439.0,44.0,43.0,Online Panel,218,1.8,1.0,43.285714285714285,42.285714285714285,1.0
2023-02-18,2023-02-20,Morning Consult,7439.0,45.0,43.0,Online Panel,218,1.8,2.0,43.714285714285715,42.142857142857146,1.5714285714285714
2023-02-19,2023-02-21,Morning Consult,7439.0,44.0,43.0,Online Panel,218,1.8,1.0,43.57142857142857,42.142857142857146,1.4285714285714286
2023-02-20,2023-02-22,Morning Consult,7439.0,44.0,43.0,Online Panel,218,1.8,1.0,43.42857142857143,42.142857142857146,1.2857142857142858
2023-02-21,2023-02-23,Morning Consult,7439.0,45.0,42.0,Online Panel,218,1.8,3.0,44.0,41.285714285714285,2.7142857142857144
2023-02-22,2023-02-24,Morning Consult,7439.0,45.0,42.0,Online Panel,218,1.8,3.0,44.42857142857143,42.0,2.4285714285714284
2023-02-23,2023-02-25,Morning Consult,7439.0,45.0,43.0,Online Panel,218,1.8,2.0,44.57142857142857,42.714285714285715,1.8571428571428572
2023-02-24,2023-02-25,Emerson,1060.0,42.7,44.5,IVR/Online Panel,88,2.9,-1.7999999999999972,44.385714285714286,42.92857142857143,1.4571428571428575
2023-02-24,2023-02-26,Morning Consult,7439.0,45.0,43.0,Online Panel,218,1.8,2.0,44.385714285714286,42.92857142857143,1.4571428571428575
2023-02-24,2023-02-27,Cygnal,2424.0,46.3,45.4,Online Panel/Text-to-Web,67,2.1,0.8999999999999986,44.714285714285715,43.271428571428565,1.442857142857143
2023-02-25,2023-02-27,Morning Consult,7439.0,45.0,43.0,Online Panel,218,1.8,2.0,44.857142857142854,43.271428571428565,1.5857142857142859
2023-02-26,2023-02-28,Morning Consult,7439.0,45.0,43.0,Online Panel,218,1.8,2.0,44.857142857142854,43.41428571428571,1.442857142857143
2023-02-27,2023-03-01,Morning Consult,7439.0,45.0,43.0,Online Panel,218,1.8,2.0,44.857142857142854,43.55714285714286,1.3000000000000003
2023-02-28,2023-03-02,Morning Consult,7439.0,45.0,43.0,Online Panel,218,1.8,2.0,44.857142857142854,43.55714285714286,1.3000000000000003
2023-03-01,2023-03-03,Morning Consult,7439.0,46.0,43.0,Online Panel,218,1.8,3.0,45.32857142857143,43.34285714285714,1.9857142857142855
2023-03-01,2023-03-03,Winston,1000.0,44.0,45.0,Unknown,385,2.5,-1.0,45.18571428571429,43.628571428571426,1.557142857142857
2023-03-02,2023-03-04,Morning Consult,7439.0,46.0,43.0,Online Panel,218,1.8,3.0,45.142857142857146,43.285714285714285,1.8571428571428572
2023-03-03,2023-03-05,Morning Consult,7439.0,46.0,42.0,Online Panel,218,1.8,4.0,45.285714285714285,43.142857142857146,2.142857142857143
2023-03-04,2023-03-06,Morning Consult,7439.0,45.0,43.0,Online Panel,218,1.8,2.0,45.285714285714285,43.142857142857146,2.142857142857143
2023-03-05,2023-03-07,Morning Consult,7439.0,45.0,43.0,Online Panel,218,1.8,2.0,45.285714285714285,43.142857142857146,2.142857142857143
2023-03-06,2023-03-08,Morning Consult,7439.0,45.0,43.0,Online Panel,218,1.8,2.0,45.285714285714285,43.142857142857146,2.142857142857143
2023-03-07,2023-03-09,Morning Consult,7439.0,45.0,43.0,Online Panel,218,1.8,2.0,45.142857142857146,43.142857142857146,2.0
2023-03-07,2023-03-09,OnMessage Inc.,800.0,42.0,48.0,Online Panel,239,1.1,-6.0,44.857142857142854,43.57142857142857,1.2857142857142858
2023-03-08,2023-03-10,Morning Consult,7439.0,45.0,43.0,Online Panel,218,1.8,2.0,44.714285714285715,43.57142857142857,1.1428571428571428
2023-03-09,2023-03-11,Morning Consult,7439.0,45.0,43.0,Online Panel,218,1.8,2.0,44.57142857142857,43.714285714285715,0.8571428571428571
2023-03-10,2023-03-12,Morning Consult,7439.0,45.0,43.0,Online Panel,218,1.8,2.0,44.57142857142857,43.714285714285715,0.8571428571428571
2023-03-11,2023-03-13,Morning Consult,7439.0,46.0,42.0,Online Panel,218,1.8,4.0,44.714285714285715,43.57142857142857,1.1428571428571428
2023-03-12,2023-03-14,Morning Consult,7439.0,46.0,42.0,Online Panel,218,1.8,4.0,44.857142857142854,43.42857142857143,1.4285714285714286
2023-03-13,2023-03-15,Morning Consult,7439.0,47.0,41.0,Online Panel,218,1.8,6.0,45.142857142857146,43.142857142857146,2.0
2023-03-14,2023-03-16,Morning Consult,7439.0,47.0,41.0,Online Panel,218,1.8,6.0,45.857142857142854,42.142857142857146,3.7142857142857144
2023-03-15,2023-03-17,Morning Consult,7439.0,46.0,42.0,Online Panel,218,1.8,4.0,46.0,42.0,4.0
2023-03-16,2023-03-18,Morning Consult,7439.0,46.0,42.0,Online Panel,218,1.8,4.0,46.142857142857146,41.857142857142854,4.285714285714286
2023-03-16,2023-03-20,McLaughlin,1000.0,42.0,46.0,Online Panel,203,0.5,-4.0,45.714285714285715,42.285714285714285,3.4285714285714284
2023-03-17,2023-03-19,Morning Consult,7439.0,45.0,43.0,Online Panel,218,1.8,2.0,45.57142857142857,42.42857142857143,3.142857142857143
2023-03-18,2023-03-20,Morning Consult,7439.0,46.0,43.0,Online Panel,218,1.8,3.0,45.57142857142857,42.57142857142857,3.0
2023-03-19,2023-03-21,Morning Consult,7439.0,46.0,43.0,Online Panel,218,1.8,3.0,45.42857142857143,42.857142857142854,2.5714285714285716
2023-03-20,2023-03-22,Morning Consult,7439.0,45.0,43.0,Online Panel,218,1.8,2.0,45.142857142857146,43.142857142857146,2.0
2023-03-21,2023-03-23,OnMessage Inc.,800.0,42.0,48.0,Online Panel,239,1.1,-6.0,44.57142857142857,44.0,0.5714285714285714
2023-03-21,2023-03-23,Morning Consult,7439.0,45.0,43.0,Online Panel,218,1.8,2.0,44.42857142857143,44.142857142857146,0.2857142857142857
2023-03-22,2023-03-24,Morning Consult,7439.0,45.0,43.0,Online Panel,218,1.8,2.0,44.857142857142854,43.714285714285715,1.1428571428571428
2023-03-23,2023-03-25,Morning Consult,7439.0,45.0,43.0,Online Panel,218,1.8,2.0,44.857142857142854,43.714285714285715,1.1428571428571428
2023-03-24,2023-03-26,Morning Consult,7439.0,45.0,43.0,Online Panel,218,1.8,2.0,44.714285714285715,43.714285714285715,1.0
2023-03-25,2023-03-27,Morning Consult,7439.0,45.0,43.0,Online Panel,218,1.8,2.0,44.57142857142857,43.714285714285715,0.8571428571428571
2023-03-26,2023-03-28,Morning Consult,7439.0,45.0,44.0,Online Panel,218,1.8,1.0,44.57142857142857,43.857142857142854,0.7142857142857143
2023-03-26,2023-03-27,Cygnal,2550.0,45.2,45.8,Online Panel/Text-to-Web,67,2.1,-0.5999999999999943,45.028571428571425,43.542857142857144,1.4857142857142864
2023-03-27,2023-03-29,Morning Consult,7439.0,45.0,43.0,Online Panel,218,1.8,2.0,45.028571428571425,43.542857142857144,1.4857142857142864
2023-03-28,2023-03-30,Morning Consult,7439.0,45.0,43.0,Online Panel,218,1.8,2.0,45.028571428571425,43.542857142857144,1.4857142857142864
2023-03-29,2023-03-31,Morning Consult,7439.0,45.0,42.0,Online Panel,218,1.8,3.0,45.028571428571425,43.4,1.6285714285714294
2023-03-30,2023-04-01,Morning Consult,7439.0,45.0,42.0,Online Panel,218,1.8,3.0,45.028571428571425,43.25714285714286,1.7714285714285722
2023-03-31,2023-04-02,Morning Consult,7439.0,45.0,42.0,Online Panel,218,1.8,3.0,45.028571428571425,43.114285714285714,1.914285714285715
2023-04-01,2023-04-03,Morning Consult,7439.0,45.0,42.0,Online Panel,218,1.8,3.0,45.028571428571425,42.82857142857143,2.2000000000000006
2023-04-02,2023-04-04,Morning Consult,7439.0,45.0,43.0,Online Panel,218,1.8,2.0,45.0,42.42857142857143,2.5714285714285716
2023-04-03,2023-04-05,Morning Consult,7439.0,46.0,43.0,Online Panel,218,1.8,3.0,45.142857142857146,42.42857142857143,2.7142857142857144
2023-04-04,2023-04-06,Morning Consult,7439.0,46.0,43.0,Online Panel,218,1.8,3.0,45.285714285714285,42.42857142857143,2.857142857142857
2023-04-05,2023-04-07,Morning Consult,7439.0,46.0,43.0,Online Panel,218,1.8,3.0,45.42857142857143,42.57142857142857,2.857142857142857
2023-04-05,2023-04-10,Clarity,1214.0,45.0,43.0,Online Panel,52,1.6,2.0,45.42857142857143,42.714285714285715,2.7142857142857144
2023-04-06,2023-04-08,Morning Consult,7439.0,45.0,43.0,Online Panel,218,1.8,2.0,45.42857142857143,42.857142857142854,2.5714285714285716
2023-04-07,2023-04-09,Morning Consult,7439.0,45.0,43.0,Online Panel,218,1.8,2.0,45.42857142857143,43.0,2.4285714285714284
2023-04-08,2023-04-10,Morning Consult,7439.0,45.0,43.0,Online Panel,218,1.8,2.0,45.42857142857143,43.0,2.4285714285714284
2023-04-09,2023-04-11,Morning Consult,7439.0,45.0,42.0,Online Panel,218,1.8,3.0,45.285714285714285,42.857142857142854,2.4285714285714284
2023-04-10,2023-04-12,Morning Consult,7439.0,45.0,42.0,Online Panel,218,1.8,3.0,45.142857142857146,42.714285714285715,2.4285714285714284
2023-04-11,2023-04-17,Fabrizio/Impact,1500.0,42.0,43.0,Unknown,694,1.7,-1.0,44.57142857142857,42.714285714285715,1.8571428571428572
2023-04-11,2023-04-13,OnMessage Inc.,800.0,41.0,47.0,Online Panel,239,1.1,-6.0,44.0,43.285714285714285,0.7142857142857143
2023-04-11,2023-04-13,Morning Consult,7439.0,46.0,42.0,Online Panel,218,1.8,4.0,44.142857142857146,43.142857142857146,1.0
2023-04-12,2023-04-14,Morning Consult,7439.0,46.0,42.0,Online Panel,218,1.8,4.0,44.285714285714285,43.0,1.2857142857142858
2023-04-13,2023-04-15,Morning Consult,7439.0,46.0,43.0,Online Panel,218,1.8,3.0,44.42857142857143,43.0,1.4285714285714286
2023-04-14,2023-04-16,Morning Consult,7439.0,45.0,43.0,Online Panel,218,1.8,2.0,44.42857142857143,43.142857142857146,1.2857142857142858
2023-04-15,2023-04-17,Morning Consult,7439.0,46.0,42.0,Online Panel,218,1.8,4.0,44.57142857142857,43.142857142857146,1.4285714285714286
2023-04-16,2023-04-18,Morning Consult,7439.0,46.0,42.0,Online Panel,218,1.8,4.0,45.142857142857146,43.0,2.142857142857143
2023-04-17,2023-04-19,Morning Consult,7439.0,46.0,42.0,Online Panel,218,1.8,4.0,45.857142857142854,42.285714285714285,3.5714285714285716
2023-04-18,2023-04-20,Morning Consult,7439.0,46.0,42.0,Online Panel,218,1.8,4.0,45.857142857142854,42.285714285714285,3.5714285714285716
2023-04-18,2023-04-20,Cygnal,2500.0,44.0,46.1,Online Panel/Text-to-Web,67,2.1,-2.1000000000000014,45.57142857142857,42.871428571428574,2.6999999999999997
2023-04-19,2023-04-21,Morning Consult,7439.0,45.0,43.0,Online Panel,218,1.8,2.0,45.42857142857143,42.871428571428574,2.557142857142857
2023-04-20,2023-04-22,Morning Consult,7439.0,46.0,43.0,Online Panel,218,1.8,3.0,45.57142857142857,42.871428571428574,2.6999999999999997
2023-04-20,2023-04-24,co/efficient,1956.0,40.0,36.0,Unknown,514,1.1,4.0,44.714285714285715,42.01428571428572,2.6999999999999997
2023-04-21,2023-04-23,Morning Consult,7439.0,46.0,43.0,Online Panel,218,1.8,3.0,44.714285714285715,42.15714285714286,2.557142857142857
2023-04-22,2023-04-24,Morning Consult,7439.0,46.0,43.0,Online Panel,218,1.8,3.0,44.714285714285715,42.300000000000004,2.414285714285714
2023-04-23,2023-04-25,Morning Consult,7439.0,46.0,43.0,Online Panel,218,1.8,3.0,44.714285714285715,42.44285714285714,2.2714285714285714
2023-04-24,2023-04-27,McLaughlin,1000.0,42.0,47.0,Online Panel,203,0.5,-5.0,44.42857142857143,42.57142857142857,1.8571428571428572
2023-04-24,2023-04-25,Emerson,1100.0,41.8,42.0,IVR/Online Panel,88,2.9,-0.20000000000000284,43.971428571428575,42.42857142857143,1.5428571428571425
2023-04-24,2023-04-26,Morning Consult,7439.0,46.0,43.0,Online Panel,218,1.8,3.0,43.971428571428575,42.42857142857143,1.5428571428571425
2023-04-25,2023-04-27,Morning Consult,7439.0,46.0,43.0,Online Panel,218,1.8,3.0,44.82857142857143,43.42857142857143,1.3999999999999997
2023-04-25,2023-04-27,OnMessage Inc.,800.0,43.0,46.0,Online Panel,239,1.1,-3.0,44.4,43.857142857142854,0.5428571428571425
2023-04-26,2023-04-28,Morning Consult,7439.0,47.0,43.0,Online Panel,218,1.8,4.0,44.542857142857144,43.857142857142854,0.6857142857142853
2023-04-27,2023-04-29,Morning Consult,7439.0,46.0,42.0,Online Panel,218,1.8,4.0,44.542857142857144,43.714285714285715,0.8285714285714282
2023-04-28,2023-04-30,Morning Consult,7439.0,46.0,42.0,Online Panel,218,1.8,4.0,45.114285714285714,43.0,2.114285714285714
2023-04-28,2023-04-30,Winston,1000.0,43.0,47.0,Online Panel,385,2.5,-4.0,45.285714285714285,43.714285714285715,1.5714285714285714
2023-04-28,2023-05-02,Change Research,1208.0,46.0,44.0,Text-to-Web/Online Ad,48,1.4,2.0,45.285714285714285,43.857142857142854,1.4285714285714286
2023-04-29,2023-05-01,Morning Consult,7439.0,45.0,42.0,Online Panel,218,1.8,3.0,45.142857142857146,43.714285714285715,1.4285714285714286
2023-04-30,2023-05-02,Morning Consult,7439.0,45.0,42.0,Online Panel,218,1.8,3.0,45.42857142857143,43.142857142857146,2.2857142857142856
2023-05-01,2023-05-03,Morning Consult,7439.0,46.0,42.0,Online Panel,218,1.8,4.0,45.285714285714285,43.0,2.2857142857142856
2023-05-02,2023-05-04,Morning Consult,7439.0,46.0,43.0,Online Panel,218,1.8,3.0,45.285714285714285,43.142857142857146,2.142857142857143
2023-05-03,2023-05-05,Morning Consult,7439.0,46.0,43.0,Online Panel,218,1.8,3.0,45.285714285714285,43.285714285714285,2.0
2023-05-04,2023-05-07,McLaughlin,2000.0,40.6,48.4,Online Panel,203,0.5,-7.799999999999997,44.94285714285714,43.48571428571428,1.4571428571428575
2023-05-04,2023-05-06,Morning Consult,7439.0,46.0,43.0,Online Panel,218,1.8,3.0,44.94285714285714,43.34285714285714,1.6000000000000003
2023-05-05,2023-05-07,Morning Consult,7439.0,46.0,43.0,Online Panel,218,1.8,3.0,45.08571428571429,43.48571428571428,1.6000000000000003
2023-05-06,2023-05-08,Morning Consult,7439.0,46.0,42.0,Online Panel,218,1.8,4.0,45.228571428571435,43.48571428571428,1.7428571428571433
2023-05-07,2023-05-09,Morning Consult,7439.0,46.0,43.0,Online Panel,218,1.8,3.0,45.228571428571435,43.628571428571426,1.6000000000000003
2023-05-08,2023-05-14,Clarity,1122.0,47.0,41.0,Online Panel,52,1.6,6.0,45.371428571428574,43.34285714285714,2.028571428571429
2023-05-08,2023-05-10,Morning Consult,7439.0,46.0,43.0,Online Panel,218,1.8,3.0,45.371428571428574,43.34285714285714,2.028571428571429
2023-05-09,2023-05-11,Morning Consult,7439.0,46.0,43.0,Online Panel,218,1.8,3.0,46.142857142857146,42.57142857142857,3.5714285714285716
2023-05-10,2023-05-12,Morning Consult,7439.0,46.0,44.0,Online Panel,218,1.8,2.0,46.142857142857146,42.714285714285715,3.4285714285714284
2023-05-10,2023-05-13,WPAi,782.0,47.0,42.0,Online Panel,383,1.7,5.0,46.285714285714285,42.57142857142857,3.7142857142857144
2023-05-10,2023-05-13,WPAi,789.0,44.0,44.0,Online Panel,383,1.7,0.0,46.0,42.857142857142854,3.142857142857143
2023-05-11,2023-05-13,Morning Consult,7439.0,45.0,43.0,Online Panel,218,1.8,2.0,45.857142857142854,42.857142857142854,3.0
2023-05-12,2023-05-14,Morning Consult,7439.0,46.0,43.0,Online Panel,218,1.8,3.0,45.714285714285715,43.142857142857146,2.5714285714285716
2023-05-13,2023-05-15,Morning Consult,7439.0,46.0,42.0,Online Panel,218,1.8,4.0,45.714285714285715,43.0,2.7142857142857144
2023-05-14,2023-05-16,Morning Consult,7439.0,46.0,42.0,Online Panel,218,1.8,4.0,45.714285714285715,42.857142857142854,2.857142857142857
2023-05-15,2023-05-17,Morning Consult,7439.0,46.0,42.0,Online Panel,218,1.8,4.0,45.714285714285715,42.57142857142857,3.142857142857143
2023-05-16,2023-05-18,Morning Consult,7439.0,46.0,42.0,Online Panel,218,1.8,4.0,45.57142857142857,42.57142857142857,3.0
2023-05-16,2023-05-18,Cygnal,2527.0,44.9,45.2,Online Panel/Text-to-Web,67,2.1,-0.30000000000000426,45.699999999999996,42.74285714285714,2.9571428571428564
2023-05-17,2023-05-19,Morning Consult,7439.0,46.0,42.0,Online Panel,218,1.8,4.0,45.84285714285714,42.6,3.2428571428571424
2023-05-17,2023-05-24,McLaughlin,1000.0,41.0,46.0,Online Panel,203,0.5,-5.0,45.128571428571426,43.028571428571425,2.099999999999999
2023-05-18,2023-05-20,Morning Consult,7439.0,46.0,43.0,Online Panel,218,1.8,3.0,45.128571428571426,43.17142857142857,1.9571428571428566
2023-05-19,2023-05-21,Morning Consult,7439.0,45.0,42.0,Online Panel,218,1.8,3.0,44.98571428571428,43.17142857142857,1.8142857142857136
2023-05-20,2023-05-22,Morning Consult,7439.0,46.0,43.0,Online Panel,218,1.8,3.0,44.98571428571428,43.31428571428571,1.6714285714285708
2023-05-21,2023-05-23,Morning Consult,7439.0,46.0,43.0,Online Panel,218,1.8,3.0,44.98571428571428,43.457142857142856,1.528571428571428
2023-05-22,2023-05-25,Echelon Insights,1035.0,45.0,46.0,Online Panel,407,2.7,-1.0,45.0,43.57142857142857,1.4285714285714286
2023-05-22,2023-05-24,Morning Consult,7439.0,46.0,43.0,Online Panel,218,1.8,3.0,45.0,43.714285714285715,1.2857142857142858
2023-05-23,2023-05-25,Morning Consult,7439.0,46.0,43.0,Online Panel,218,1.8,3.0,45.714285714285715,43.285714285714285,2.4285714285714284
2023-05-24,2023-05-26,Morning Consult,7439.0,46.0,42.0,Online Panel,218,1.8,4.0,45.714285714285715,43.142857142857146,2.5714285714285716
2023-05-24,2023-05-25,OnMessage Inc.,800.0,43.0,45.0,Online Panel,239,1.1,-2.0,45.42857142857143,43.57142857142857,1.8571428571428572
2023-05-25,2023-05-26,NewsNation/Decision Desk HQ,1000.0,42.3,42.81,Online Panel,696,1.6,-0.5100000000000051,44.9,43.544285714285714,1.355714285714285
2023-05-25,2023-05-27,Morning Consult,7439.0,45.0,42.0,Online Panel,218,1.8,3.0,44.75714285714286,43.401428571428575,1.355714285714285
2023-05-26,2023-05-28,Morning Consult,7439.0,45.0,42.0,Online Panel,218,1.8,3.0,44.75714285714286,42.83,1.9271428571428564
2023-05-27,2023-05-29,Morning Consult,7439.0,45.0,43.0,Online Panel,218,1.8,2.0,44.614285714285714,42.83,1.7842857142857136
2023-05-28,2023-05-30,Morning Consult,7439.0,45.0,43.0,Online Panel,218,1.8,2.0,44.471428571428575,42.83,1.6414285714285708
2023-05-29,2023-05-31,Morning Consult,7439.0,45.0,43.0,Online Panel,218,1.8,2.0,44.32857142857143,42.972857142857144,1.355714285714285
2023-05-30,2023-06-01,Morning Consult,7439.0,45.0,43.0,Online Panel,218,1.8,2.0,44.614285714285714,42.68714285714286,1.9271428571428564
2023-05-31,2023-06-02,Morning Consult,7439.0,46.0,43.0,Online Panel,218,1.8,3.0,45.142857142857146,42.714285714285715,2.4285714285714284
2023-06-01,2023-06-03,Morning Consult,7439.0,46.0,43.0,Online Panel,218,1.8,3.0,45.285714285714285,42.857142857142854,2.4285714285714284
2023-06-02,2023-06-04,Morning Consult,7439.0,46.0,42.0,Online Panel,218,1.8,4.0,45.42857142857143,42.857142857142854,2.5714285714285716
2023-06-03,2023-06-05,Morning Consult,7439.0,46.0,43.0,Online Panel,218,1.8,3.0,45.57142857142857,42.857142857142854,2.7142857142857144
2023-06-04,2023-06-06,Morning Consult,7439.0,45.0,43.0,Online Panel,218,1.8,2.0,45.57142857142857,42.857142857142854,2.7142857142857144
2023-06-05,2023-06-07,Morning Consult,7439.0,46.0,43.0,Online Panel,218,1.8,3.0,45.714285714285715,42.857142857142854,2.857142857142857
2023-06-06,2023-06-08,Morning Consult,7439.0,46.0,43.0,Online Panel,218,1.8,3.0,45.857142857142854,42.857142857142854,3.0
2023-06-06,2023-06-08,OnMessage Inc.,800.0,42.0,47.0,Online Panel,239,1.1,-5.0,45.285714285714285,43.42857142857143,1.8571428571428572
2023-06-07,2023-06-09,Morning Consult,7439.0,46.0,43.0,Online Panel,218,1.8,3.0,45.285714285714285,43.42857142857143,1.8571428571428572
2023-06-08,2023-06-11,McLaughlin,2000.0,40.1,46.4,Online Panel,203,0.5,-6.299999999999997,44.442857142857136,44.05714285714286,0.3857142857142861
2023-06-08,2023-06-10,Morning Consult,7439.0,45.0,43.0,Online Panel,218,1.8,2.0,44.3,44.05714285714286,0.24285714285714327
2023-06-09,2023-06-11,Morning Consult,7439.0,45.0,43.0,Online Panel,218,1.8,2.0,44.3,44.05714285714286,0.24285714285714327
2023-06-10,2023-06-12,Morning Consult,7439.0,45.0,42.0,Online Panel,218,1.8,3.0,44.15714285714285,43.91428571428571,0.24285714285714327
2023-06-11,2023-06-13,Morning Consult,7439.0,45.0,43.0,Online Panel,218,1.8,2.0,44.01428571428571,43.91428571428571,0.10000000000000041
2023-06-12,2023-06-14,Morning Consult,7439.0,46.0,43.0,Online Panel,218,1.8,3.0,44.58571428571428,43.34285714285714,1.2428571428571433
2023-06-13,2023-06-15,Morning Consult,7439.0,46.0,43.0,Online Panel,218,1.8,3.0,44.58571428571428,43.34285714285714,1.2428571428571433
2023-06-14,2023-06-16,Morning Consult,7439.0,46.0,43.0,Online Panel,218,1.8,3.0,45.42857142857143,42.857142857142854,2.5714285714285716
2023-06-15,2023-06-17,Morning Consult,7439.0,46.0,43.0,Online Panel,218,1.8,3.0,45.57142857142857,42.857142857142854,2.7142857142857144
2023-06-15,2023-06-19,McLaughlin,1000.0,41.0,48.0,Online Panel,203,0.5,-7.0,45.0,43.57142857142857,1.4285714285714286
2023-06-16,2023-06-18,Morning Consult,7439.0,46.0,43.0,Online Panel,218,1.8,3.0,45.142857142857146,43.714285714285715,1.4285714285714286
2023-06-16,2023-06-20,Hart/POS,1000.0,48.0,46.0,Live Phone,221,2.6,2.0,45.57142857142857,44.142857142857146,1.4285714285714286
2023-06-17,2023-06-19,Morning Consult,7439.0,46.0,43.0,Online Panel,218,1.8,3.0,45.57142857142857,44.142857142857146,1.4285714285714286
2023-06-18,2023-06-20,Morning Consult,7439.0,46.0,42.0,Online Panel,218,1.8,4.0,45.57142857142857,44.0,1.5714285714285714
2023-06-19,2023-06-20,Emerson,1015.0,43.6,44.2,IVR/Online Panel/Text-to-Web/Email,88,2.9,-0.6000000000000014,45.228571428571435,44.17142857142858,1.057142857142857
2023-06-19,2023-06-21,Morning Consult,7439.0,46.0,42.0,Online Panel,218,1.8,4.0,45.228571428571435,44.02857142857143,1.1999999999999997
2023-06-19,2023-06-21,Winston,1000.0,45.0,45.0,Unknown,385,2.5,0.0,45.800000000000004,43.60000000000001,2.1999999999999997
2023-06-20,2023-06-22,Cygnal,2010.0,45.4,46.2,Online Panel/Text-to-Web,67,2.1,-0.8000000000000043,45.714285714285715,44.057142857142864,1.6571428571428564
2023-06-20,2023-06-22,Morning Consult,7439.0,46.0,42.0,Online Panel,218,1.8,4.0,45.42857142857143,43.48571428571429,1.942857142857142
2023-06-21,2023-06-23,Morning Consult,7439.0,46.0,42.0,Online Panel,218,1.8,4.0,45.42857142857143,43.34285714285715,2.085714285714285
2023-06-22,2023-06-24,Morning Consult,7439.0,45.0,43.0,Online Panel,218,1.8,2.0,45.285714285714285,43.48571428571429,1.7999999999999992
2023-06-22,2023-06-25,McLaughlin,2000.0,41.0,46.5,Online Panel,203,0.5,-5.5,44.91428571428571,43.814285714285724,1.0999999999999994
2023-06-23,2023-06-25,Morning Consult,7439.0,45.0,43.0,Online Panel,218,1.8,2.0,44.771428571428565,43.95714285714286,0.8142857142857137
2023-06-23,2023-06-29,Clarity,1063.0,47.0,45.0,Online Panel,52,1.6,2.0,45.05714285714286,43.95714285714286,1.0999999999999994
2023-06-24,2023-06-26,Morning Consult,7439.0,45.0,43.0,Online Panel,218,1.8,2.0,45.0,43.5,1.5
2023-06-24,2023-06-27,YouGov,1315.0,41.0,40.0,Online Panel,391,2.9,1.0,44.285714285714285,43.214285714285715,1.0714285714285714
2023-06-25,2023-06-27,Morning Consult,7439.0,46.0,43.0,Online Panel,218,1.8,3.0,44.285714285714285,43.357142857142854,0.9285714285714286
2023-06-26,2023-06-29,Echelon Insights,1020.0,46.0,44.0,Online Panel,407,2.7,2.0,44.42857142857143,43.5,0.9285714285714286
2023-06-26,2023-06-28,Morning Consult,7439.0,45.0,43.0,Online Panel,218,1.8,2.0,45.0,43.0,2.0
2023-06-27,2023-06-29,Morning Consult,7439.0,45.0,43.0,Online Panel,218,1.8,2.0,45.0,43.0,2.0
2023-06-28,2023-06-30,Morning Consult,7439.0,45.0,43.0,Online Panel,218,1.8,2.0,44.714285714285715,42.714285714285715,2.0
2023-06-29,2023-07-01,Morning Consult,7439.0,46.0,43.0,Online Panel,218,1.8,3.0,44.857142857142854,42.714285714285715,2.142857142857143
2023-06-30,2023-07-02,Morning Consult,7439.0,45.0,43.0,Online Panel,218,1.8,2.0,45.42857142857143,43.142857142857146,2.2857142857142856
2023-07-01,2023-07-03,Morning Consult,7439.0,46.0,42.0,Online Panel,218,1.8,4.0,45.42857142857143,43.0,2.4285714285714284
2023-07-01,2023-07-05,YouGov,1350.0,41.0,39.0,Online Panel,391,2.9,2.0,44.714285714285715,42.285714285714285,2.4285714285714284
2023-07-02,2023-07-04,Morning Consult,7439.0,45.0,43.0,Online Panel,218,1.8,2.0,44.714285714285715,42.285714285714285,2.4285714285714284
2023-07-03,2023-07-05,Morning Consult,7439.0,46.0,43.0,Online Panel,218,1.8,3.0,44.857142857142854,42.285714285714285,2.5714285714285716
2023-07-04,2023-07-06,Morning Consult,7439.0,46.0,43.0,Online Panel,218,1.8,3.0,45.0,42.285714285714285,2.7142857142857144
2023-07-05,2023-07-07,Morning Consult,7439.0,46.0,43.0,Online Panel,218,1.8,3.0,45.0,42.285714285714285,2.7142857142857144
2023-07-05,2023-07-06,OnMessage Inc.,800.0,41.0,47.0,Online Panel,239,1.1,-6.0,44.42857142857143,42.857142857142854,1.5714285714285714
2023-07-06,2023-07-08,Morning Consult,7439.0,45.0,43.0,Online Panel,218,1.8,2.0,44.285714285714285,43.0,1.2857142857142858
2023-07-07,2023-07-09,Morning Consult,7439.0,45.0,43.0,Online Panel,218,1.8,2.0,44.857142857142854,43.57142857142857,1.2857142857142858
2023-07-08,2023-07-10,Morning Consult,7439.0,45.0,42.0,Online Panel,218,1.8,3.0,44.857142857142854,43.42857142857143,1.4285714285714286
2023-07-08,2023-07-11,YouGov,1296.0,42.0,40.0,Online Panel,391,2.9,2.0,44.285714285714285,43.0,1.2857142857142858
2023-07-09,2023-07-11,Morning Consult,7439.0,45.0,42.0,Online Panel,218,1.8,3.0,44.142857142857146,42.857142857142854,1.2857142857142858
2023-07-10,2023-07-12,Morning Consult,7439.0,45.0,43.0,Online Panel,218,1.8,2.0,44.0,42.857142857142854,1.1428571428571428
2023-07-11,2023-07-13,Morning Consult,7439.0,45.0,43.0,Online Panel,218,1.8,2.0,44.57142857142857,42.285714285714285,2.2857142857142856
2023-07-12,2023-07-14,Morning Consult,7439.0,45.0,44.0,Online Panel,218,1.8,1.0,44.57142857142857,42.42857142857143,2.142857142857143
2023-07-13,2023-07-16,McLaughlin,1620.0,42.4,48.7,Online Panel,203,0.5,-6.300000000000004,44.2,43.24285714285714,0.9571428571428565
2023-07-13,2023-07-16,McLaughlin,2000.0,42.0,49.0,Online Panel,203,0.5,-7.0,43.77142857142858,44.24285714285714,-0.47142857142857203
2023-07-13,2023-07-15,Morning Consult,7439.0,45.0,43.0,Online Panel,218,1.8,2.0,44.2,44.67142857142857,-0.47142857142857203
2023-07-14,2023-07-16,Morning Consult,7439.0,45.0,43.0,Online Panel,218,1.8,2.0,44.2,44.81428571428571,-0.6142857142857149
2023-07-15,2023-07-17,Morning Consult,7439.0,44.0,43.0,Online Panel,218,1.8,1.0,44.057142857142864,44.81428571428571,-0.7571428571428578
2023-07-15,2023-07-18,YouGov,1315.0,42.0,38.0,Online Panel,391,2.9,4.0,43.62857142857143,44.1,-0.47142857142857203
2023-07-16,2023-07-18,Morning Consult,7439.0,45.0,43.0,Online Panel,218,1.8,2.0,43.62857142857143,43.957142857142856,-0.3285714285714292
2023-07-17,2023-07-19,Morning Consult,7439.0,45.0,44.0,Online Panel,218,1.8,1.0,44.0,43.285714285714285,0.7142857142857143
2023-07-17,2023-07-18,NewsNation/Decision Desk HQ,1000.0,41.57,44.83,Online Panel,696,1.6,-3.259999999999998,43.93857142857143,42.69,1.2485714285714289
2023-07-18,2023-07-20,Morning Consult,7439.0,45.0,43.0,Online Panel,218,1.8,2.0,43.93857142857143,42.69,1.2485714285714289
2023-07-19,2023-07-24,McLaughlin,1000.0,41.0,48.0,Online Panel,203,0.5,-7.0,43.36714285714286,43.40428571428571,-0.03714285714285686
2023-07-19,2023-07-21,Morning Consult,7439.0,45.0,42.0,Online Panel,218,1.8,3.0,43.51,43.26142857142857,0.24857142857142886
2023-07-20,2023-07-22,Morning Consult,7439.0,45.0,42.0,Online Panel,218,1.8,3.0,43.93857142857143,43.832857142857144,0.105714285714286
2023-07-21,2023-07-23,Morning Consult,7439.0,45.0,42.0,Online Panel,218,1.8,3.0,43.93857142857143,43.69,0.24857142857142886
2023-07-22,2023-07-25,YouGov,1306.0,42.0,39.0,Online Panel,391,2.9,3.0,43.51,42.97571428571428,0.5342857142857146
2023-07-22,2023-07-24,Morning Consult,7439.0,45.0,42.0,Online Panel,218,1.8,3.0,44.0,42.57142857142857,1.4285714285714286
2023-07-23,2023-07-25,Morning Consult,7439.0,45.0,43.0,Online Panel,218,1.8,2.0,44.0,42.57142857142857,1.4285714285714286
2023-07-24,2023-07-26,Morning Consult,7439.0,45.0,43.0,Online Panel,218,1.8,2.0,44.57142857142857,41.857142857142854,2.7142857142857144
2023-07-24,2023-07-27,Echelon Insights,1013.0,44.0,45.0,Online Panel,407,2.7,-1.0,44.42857142857143,42.285714285714285,2.142857142857143
2023-07-25,2023-07-27,Morning Consult,7439.0,46.0,43.0,Online Panel,218,1.8,3.0,44.57142857142857,42.42857142857143,2.142857142857143
2023-07-26,2023-07-28,Morning Consult,7439.0,46.0,43.0,Online Panel,218,1.8,3.0,44.714285714285715,42.57142857142857,2.142857142857143
2023-07-27,2023-07-30,McLaughlin,1708.0,41.9,46.8,Online Panel,203,0.5,-4.899999999999999,44.699999999999996,43.68571428571429,1.0142857142857145
2023-07-27,2023-07-30,McLaughlin,2000.0,39.8,44.2,Online Panel,203,0.5,-4.400000000000006,43.957142857142856,44.0,-0.04285714285714347
2023-07-27,2023-07-29,Morning Consult,7439.0,46.0,43.0,Online Panel,218,1.8,3.0,44.1,44.0,0.0999999999999994
2023-07-28,2023-07-30,Morning Consult,7439.0,46.0,42.0,Online Panel,218,1.8,4.0,44.24285714285714,43.857142857142854,0.3857142857142851
2023-07-29,2023-07-31,Morning Consult,7439.0,46.0,42.0,Online Panel,218,1.8,4.0,44.528571428571425,43.42857142857143,1.0999999999999994
2023-07-29,2023-08-01,YouGov,1324.0,42.0,43.0,Online Panel,391,2.9,-1.0,43.957142857142856,43.42857142857143,0.5285714285714279
2023-07-30,2023-08-01,Morning Consult,7439.0,46.0,42.0,Online Panel,218,1.8,4.0,43.957142857142856,43.285714285714285,0.6714285714285708
2023-07-31,2023-08-03,Noble Predictive Insights,2500.0,41.0,44.0,Online Panel/Text-to-Web,235,2.4,-3.0,43.82857142857143,42.885714285714286,0.9428571428571421
2023-07-31,2023-08-02,Morning Consult,7439.0,45.0,43.0,Online Panel,218,1.8,2.0,44.57142857142857,42.714285714285715,1.8571428571428572
2023-08-01,2023-08-03,Morning Consult,7439.0,45.0,42.0,Online Panel,218,1.8,3.0,44.42857142857143,42.57142857142857,1.8571428571428572
2023-08-01,2023-08-03,Cygnal,2000.0,45.4,45.3,Unknown,67,2.1,0.10000000000000142,44.34285714285714,43.042857142857144,1.3000000000000003
2023-08-02,2023-08-04,Morning Consult,7439.0,45.0,43.0,Online Panel,218,1.8,2.0,44.199999999999996,43.18571428571429,1.0142857142857145
2023-08-03,2023-08-05,Morning Consult,7439.0,46.0,43.0,Online Panel,218,1.8,3.0,44.771428571428565,43.18571428571429,1.5857142857142859
2023-08-04,2023-08-06,Morning Consult,8753.0,45.0,43.0,Online Panel,218,1.8,2.0,44.628571428571426,43.32857142857143,1.3000000000000003
2023-08-05,2023-08-08,YouGov,1178.0,44.0,42.0,Online Panel,391,2.9,2.0,45.05714285714286,43.042857142857144,2.0142857142857147
2023-08-09,2023-08-11,National Research,1200.0,41.0,41.0,Online Panel,225,1.8,0.0,44.48571428571428,42.75714285714286,1.7285714285714289
2023-08-10,2023-08-16,Clarity,2018.0,45.0,43.0,Online Panel,52,1.6,2.0,44.48571428571428,42.9,1.5857142857142859
2023-08-11,2023-08-14,RMG Research,890.0,43.0,48.0,Online Panel,555,2.3,-5.0,44.142857142857146,43.285714285714285,0.8571428571428571
2023-08-12,2023-08-15,YouGov,1321.0,44.0,42.0,Online Panel,391,2.9,2.0,44.0,43.142857142857146,0.8571428571428571
2023-08-15,2023-08-23,McLaughlin,1000.0,42.0,48.0,Online Panel,203,0.5,-6.0,43.42857142857143,43.857142857142854,-0.42857142857142855
2023-08-17,2023-08-21,HarrisX,2327.0,52.0,48.0,Unknown,133,1.6,4.0,44.42857142857143,44.57142857142857,-0.14285714285714285
2023-08-17,2023-08-20,McLaughlin,2000.0,40.0,45.6,Online Panel,203,0.5,-5.600000000000001,43.857142857142854,45.08571428571429,-1.2285714285714289
2023-08-17,2023-08-20,McLaughlin,1680.0,41.4,49.1,Online Panel,203,0.5,-7.700000000000003,43.91428571428572,46.24285714285714,-2.328571428571429
2023-08-19,2023-08-22,YouGov,1309.0,45.0,42.0,Online Panel,391,2.9,3.0,43.91428571428572,46.1,-2.1857142857142864
2023-08-24,2023-08-30,Fabrizio/GBAO,1500.0,43.0,44.0,Live Phone/Text-to-Web,796,1.8,-1.0,43.91428571428572,45.528571428571425,-1.614285714285715
2023-08-24,2023-08-25,NewsNation/Decision Desk HQ,1000.0,43.06,46.78,Online Panel,696,1.6,-3.719999999999999,43.78000000000001,46.21142857142858,-2.431428571428572
2023-08-25,2023-09-11,Project Home Fire,2008.0,40.0,35.0,Online Panel,802,1.8,5.0,43.494285714285716,44.354285714285716,-0.8600000000000004
2023-08-25,2023-08-26,Emerson,1000.0,42.1,43.4,IVR/Online Panel,88,2.9,-1.2999999999999972,42.08,43.69714285714286,-1.6171428571428572
2023-08-26,2023-08-29,YouGov,1303.0,42.0,42.0,Online Panel,391,2.9,0.0,42.36571428571428,43.18285714285714,-0.817142857142857
2023-08-28,2023-08-31,Echelon Insights,1022.0,44.0,46.0,Online Panel,407,2.7,-2.0,42.737142857142864,42.74,-0.0028571428571422886
2023-08-30,2023-09-01,OnMessage Inc.,800.0,41.0,47.0,Online Panel,239,1.1,-6.0,42.16571428571429,43.45428571428572,-1.288571428571428
2023-09-02,2023-09-05,YouGov,1329.0,43.0,42.0,Online Panel,391,2.9,1.0,42.16571428571429,43.16857142857143,-1.0028571428571422
2023-09-04,2023-09-06,Cygnal,2000.0,44.3,45.6,Unknown,67,2.1,-1.3000000000000043,42.34285714285714,43.0,-0.6571428571428574
2023-09-07,2023-09-10,McLaughlin,1730.0,42.4,47.3,Online Panel,203,0.5,-4.899999999999999,42.68571428571429,44.75714285714285,-2.0714285714285716
2023-09-07,2023-09-10,McLaughlin,2000.0,41.2,45.1,Online Panel,203,0.5,-3.8999999999999986,42.55714285714286,45.0,-2.442857142857143
2023-09-10,2023-09-12,YouGov,1334.0,44.0,42.0,Online Panel,391,2.9,2.0,42.84285714285714,45.0,-2.1571428571428575
2023-09-12,2023-09-14,OnMessage Inc.,800.0,41.0,47.0,Online Panel,239,1.1,-6.0,42.41428571428571,45.142857142857146,-2.7285714285714286
2023-09-13,2023-09-14,Winston,1000.0,44.0,45.0,Online Panel,385,2.5,-1.0,42.84285714285714,44.857142857142854,-2.0142857142857147
2023-09-15,2023-09-19,WPAi,1005.0,42.0,42.0,Live Phone,383,1.7,0.0,42.699999999999996,44.857142857142854,-2.1571428571428575
2023-09-16,2023-09-18,Tarrance,500.0,43.1,41.3,Live Phone,333,1.6,1.8000000000000043,42.528571428571425,44.24285714285714,-1.7142857142857133
2023-09-17,2023-09-19,YouGov,1303.0,41.0,43.0,Online Panel,391,2.9,-2.0,42.32857142857143,43.628571428571426,-1.2999999999999992
2023-09-17,2023-09-18,Emerson,1125.0,42.8,44.1,IVR/Online Panel,88,2.9,-1.3000000000000043,42.55714285714286,43.48571428571428,-0.9285714285714286
2023-09-19,2023-09-20,NewsNation/Decision Desk HQ,1000.0,41.3,45.79,Online Panel,696,1.6,-4.490000000000002,42.17142857142857,44.027142857142856,-1.855714285714286
2023-09-20,2023-09-25,Clarity,1062.0,44.0,43.0,Online Panel,52,1.6,1.0,42.6,43.455714285714286,-0.855714285714286
2023-09-22,2023-09-26,McLaughlin,1000.0,41.0,48.0,Online Panel,203,0.5,-7.0,42.17142857142857,43.88428571428572,-1.712857142857143
2023-09-22,2023-09-24,McLaughlin,2000.0,40.3,45.0,Online Panel,203,0.5,-4.700000000000003,41.92857142857143,44.31285714285714,-2.384285714285715
2023-09-22,2023-09-24,McLaughlin,1726.0,42.3,47.5,Online Panel,203,0.5,-5.200000000000003,41.81428571428571,45.19857142857143,-3.384285714285716
2023-09-23,2023-09-26,YouGov,1293.0,43.0,40.0,Online Panel,391,2.9,3.0,42.1,44.769999999999996,-2.6700000000000017
2023-09-25,2023-09-28,Echelon Insights,1011.0,44.0,48.0,Online Panel,407,2.7,-4.0,42.271428571428565,45.32714285714285,-3.055714285714287
2023-09-27,2023-09-28,OnMessage Inc.,800.0,43.0,48.0,Online Panel,239,1.1,-5.0,42.51428571428571,45.642857142857146,-3.1285714285714294
2023-09-28,2023-10-01,McLaughlin,2000.0,39.5,45.5,Online Panel,203,0.5,-6.0,41.87142857142857,46.0,-4.128571428571429
2023-09-28,2023-10-01,McLaughlin,1740.0,40.7,48.1,Online Panel,203,0.5,-7.399999999999999,41.82857142857142,46.01428571428572,-4.185714285714286
2023-09-30,2023-10-03,YouGov,1368.0,44.0,43.0,Online Panel,391,2.9,1.0,42.357142857142854,45.728571428571435,-3.3714285714285714
2023-10-03,2023-10-05,Cygnal,2000.0,45.5,46.0,Online Panel/Text-to-Web,67,2.1,-0.5,42.81428571428571,45.51428571428572,-2.6999999999999997
2023-10-04,2023-10-05,Echelon Insights,1033.0,44.0,47.0,Online Panel,407,2.7,-3.0,42.957142857142856,46.51428571428572,-3.557142857142857
2023-10-08,2023-10-10,YouGov,1319.0,42.0,41.0,Online Panel,391,2.9,1.0,42.67142857142857,45.51428571428572,-2.8428571428571425
2023-10-09,2023-10-11,Causeway Solutions,1011.0,38.0,38.0,Live Phone,680,1.8,0.0,41.957142857142856,44.08571428571429,-2.1285714285714286
2023-10-11,2023-10-13,OnMessage Inc.,800.0,43.0,46.0,Online Panel,239,1.1,-3.0,42.457142857142856,44.15714285714286,-1.6999999999999997
2023-10-11,2023-10-17,Murphy Nasica & Associates,3318.0,43.3,45.2,Text,805,1.8,-1.9000000000000057,42.82857142857143,43.74285714285714,-0.9142857142857151
2023-10-12,2023-10-16,YouGov,1123.0,43.0,43.0,Online Panel,391,2.9,0.0,42.68571428571429,43.74285714285714,-1.057142857142858
2023-10-14,2023-10-17,YouGov,1296.0,43.0,41.0,Online Panel,391,2.9,2.0,42.32857142857143,43.028571428571425,-0.7000000000000008
2023-10-16,2023-10-17,Emerson,1578.0,44.8,44.4,IVR/Online Panel,88,2.9,0.3999999999999986,42.44285714285714,42.65714285714285,-0.2142857142857153
2023-10-17,2023-10-27,Susquehanna,1000.0,47.0,44.0,Unknown,326,2.3,3.0,43.15714285714286,43.08571428571428,0.07142857142857041
2023-10-18,2023-10-19,Winston,1000.0,44.0,46.0,Online Panel,385,2.5,-2.0,44.01428571428572,44.22857142857142,-0.2142857142857153
2023-10-18,2023-10-18,HarrisX/Harris Poll,2116.0,51.0,49.0,Online Panel,133,1.6,2.0,45.15714285714286,44.65714285714285,0.499999999999999
2023-10-19,2023-10-22,McLaughlin,1760.0,44.1,46.2,Online Panel,203,0.5,-2.1000000000000014,45.271428571428565,44.800000000000004,0.47142857142857103
2023-10-19,2023-10-22,McLaughlin,2000.0,42.8,44.1,Online Panel,203,0.5,-1.3000000000000043,45.24285714285714,44.957142857142856,0.2857142857142847
2023-10-19,2023-10-24,McLaughlin,1000.0,43.0,47.0,Online Panel,203,0.5,-4.0,45.24285714285714,45.81428571428571,-0.5714285714285724
2023-10-20,2023-10-26,Noble Predictive Insights,2605.0,41.0,42.0,Online Panel/Text-to-Web,235,2.4,-1.0,44.699999999999996,45.471428571428575,-0.7714285714285722
2023-10-20,2023-10-26,Noble Predictive Insights,2202.0,43.0,44.0,Online Panel/Text-to-Web,235,2.4,-1.0,44.128571428571426,45.471428571428575,-1.3428571428571436
2023-10-20,2023-10-26,Clarity,1169.0,45.0,44.0,Online Panel,52,1.6,1.0,44.271428571428565,45.18571428571429,-0.9142857142857151
2023-10-21,2023-10-24,YouGov,1296.0,42.0,41.0,Online Panel,391,2.9,1.0,42.98571428571428,44.042857142857144,-1.057142857142858
2023-10-23,2023-10-24,NewsNation/Decision Desk HQ,1000.0,42.54,44.59,Online Panel,696,1.6,-2.0500000000000043,42.76285714285715,43.81285714285714,-1.0500000000000012
2023-10-23,2023-10-26,Echelon Insights,1029.0,46.0,45.0,Online Panel,407,2.7,1.0,43.21999999999999,43.941428571428574,-0.7214285714285721
2023-10-26,2023-10-28,OnMessage Inc.,800.0,42.0,46.0,Online Panel,239,1.1,-4.0,43.07714285714285,43.798571428571435,-0.7214285714285721
2023-10-27,2023-11-02,CNN/SSRS,1271.0,47.0,48.0,Probability Panel,844,1.8,-1.0,43.93428571428571,44.65571428571429,-0.7214285714285721
2023-10-28,2023-10-31,YouGov,1333.0,42.0,41.0,Online Panel,391,2.9,1.0,43.79142857142857,44.22714285714286,-0.43571428571428633
2023-10-30,2023-11-01,Cygnal,2000.0,46.4,45.9,Unknown,67,2.1,0.5,43.99142857142857,44.49857142857143,-0.5071428571428578
2023-11-03,2023-11-06,McLaughlin,2000.0,40.9,44.5,Online Panel,203,0.5,-3.6000000000000014,43.83428571428571,44.99857142857143,-1.164285714285715
2023-11-03,2023-11-06,McLaughlin,1723.0,42.9,47.0,Online Panel,203,0.5,-4.100000000000001,43.885714285714286,45.34285714285714,-1.4571428571428575
2023-11-05,2023-11-07,YouGov,1313.0,43.0,42.0,Online Panel,391,2.9,1.0,43.45714285714286,44.91428571428571,-1.4571428571428575
2023-11-09,2023-11-13,YouGov,1058.0,42.0,44.0,Online Panel,391,2.9,-2.0,43.45714285714286,44.628571428571426,-1.171428571428572
2023-11-10,2023-11-14,Bullfinch,1200.0,40.0,39.0,Online Panel,692,1.8,1.0,42.45714285714286,43.34285714285714,-0.8857142857142861
2023-11-10,2023-11-14,Hart/POS,1000.0,45.0,47.0,Live Phone,221,2.6,-2.0,42.885714285714286,44.199999999999996,-1.3142857142857147
2023-11-10,2023-11-14,Bullfinch,1000.0,41.0,40.0,Online Panel,692,1.8,1.0,42.114285714285714,43.357142857142854,-1.2428571428571433
2023-11-11,2023-11-14,YouGov,1272.0,43.0,42.0,Online Panel,391,2.9,1.0,42.41428571428572,43.0,-0.585714285714286
2023-11-14,2023-11-17,Echelon Insights,1006.0,46.0,48.0,Online Panel,407,2.7,-2.0,42.857142857142854,43.142857142857146,-0.2857142857142857
2023-11-15,2023-11-16,RMG Research,896.0,46.0,48.0,Unknown,555,2.3,-2.0,43.285714285714285,44.0,-0.7142857142857143
2023-11-16,2023-11-20,McLaughlin,1000.0,43.0,47.0,Online Panel,203,0.5,-4.0,43.42857142857143,44.42857142857143,-1.0
2023-11-17,2023-11-20,Emerson,1475.0,42.6,44.2,IVR/Online Panel,88,2.9,-1.6000000000000014,43.800000000000004,45.17142857142857,-1.3714285714285717
2023-11-18,2023-11-20,YouGov,1323.0,43.0,42.0,Online Panel,391,2.9,1.0,43.51428571428572,44.457142857142856,-0.9428571428571431
2023-11-21,2023-11-22,OnMessage Inc.,800.0,41.0,47.0,Online Panel,239,1.1,-6.0,43.51428571428572,45.457142857142856,-1.942857142857143
2023-11-25,2023-11-27,YouGov,1323.0,44.0,42.0,Online Panel,391,2.9,2.0,43.65714285714286,45.457142857142856,-1.8000000000000003
2023-11-26,2023-11-27,NewsNation/Decision Desk HQ,3200.0,42.87,45.06,Online Panel,696,1.6,-2.190000000000005,43.21,45.037142857142854,-1.827142857142858
2023-11-27,2023-11-30,McLaughlin,1724.0,43.3,47.9,Online Panel,203,0.5,-4.600000000000001,42.824285714285715,45.02285714285715,-2.1985714285714297
2023-11-27,2023-11-30,McLaughlin,2000.0,41.1,45.0,Online Panel,203,0.5,-3.8999999999999986,42.55285714285714,44.737142857142864,-2.184285714285715
2023-11-29,2023-12-04,Fabrizio/GBAO,1500.0,41.0,46.0,Live Phone/Text-to-Web,796,1.8,-5.0,42.324285714285715,44.994285714285716,-2.670000000000001
2023-12-02,2023-12-05,YouGov,1291.0,42.0,41.0,Online Panel,391,2.9,1.0,42.18142857142857,44.85142857142858,-2.670000000000001
2023-12-04,2023-12-06,Emerson,1000.0,43.5,43.0,IVR/Online Panel/Email,88,2.9,0.5,42.53857142857142,44.28000000000001,-1.7414285714285722
2023-12-05,2023-12-07,Cygnal,2000.0,46.0,46.3,Unknown,67,2.1,-0.29999999999999716,42.824285714285715,44.894285714285715,-2.0700000000000003
2023-12-07,2023-12-10,Clarity,1052.0,45.0,43.0,Online Panel,52,1.6,2.0,43.128571428571426,44.60000000000001,-1.471428571428571
2023-12-07,2023-12-09,Winston,1000.0,46.0,44.0,Online Panel,385,2.5,2.0,43.51428571428572,44.04285714285714,-0.5285714285714279
2023-12-09,2023-12-12,YouGov,1332.0,44.0,41.0,Online Panel,391,2.9,3.0,43.92857142857143,43.47142857142857,0.4571428571428576
2023-12-12,2023-12-16,Echelon Insights,1012.0,47.0,47.0,Online Panel,407,2.7,0.0,44.785714285714285,43.61428571428571,1.171428571428572
2023-12-13,2023-12-19,McLaughlin,1000.0,43.0,47.0,Online Panel,203,0.5,-4.0,44.92857142857143,44.47142857142857,0.4571428571428576
2023-12-14,2023-12-17,McLaughlin,1722.0,44.0,46.7,Online Panel,203,0.5,-2.700000000000003,45.0,45.0,0.0
2023-12-14,2023-12-18,YouGov,1026.0,43.0,42.0,Online Panel,391,2.9,1.0,44.57142857142857,44.38571428571429,0.1857142857142853
2023-12-14,2023-12-17,McLaughlin,2000.0,42.3,44.5,Online Panel,203,0.5,-2.200000000000003,44.18571428571429,44.60000000000001,-0.4142857142857151
2023-12-15,2023-12-17,WPAi,1000.0,43.0,44.0,Online Panel,383,1.7,-1.0,43.75714285714286,44.60000000000001,-0.8428571428571436
2023-12-16,2023-12-18,Big Data Poll,2772.0,42.8,42.8,Online Panel/Text-to-Web/Text,251,1.8,0.0,43.58571428571429,44.857142857142854,-1.2714285714285722
2023-12-16,2023-12-18,Big Data Poll,3011.0,41.2,41.4,Online Panel/Text-to-Web/Text,251,1.8,-0.19999999999999574,42.75714285714286,44.057142857142864,-1.3000000000000003
2023-12-16,2023-12-18,YouGov,1336.0,43.0,42.0,Online Panel,391,2.9,1.0,42.75714285714286,43.34285714285714,-0.585714285714286
2023-12-31,2024-01-02,YouGov,1343.0,42.0,44.0,Online Panel,391,2.9,-2.0,42.471428571428575,42.957142857142856,-0.4857142857142855
2024-01-02,2024-01-04,Noble Predictive Insights,2573.0,40.0,42.0,Online Panel/Text-to-Web,235,2.4,-2.0,42.042857142857144,42.957142857142856,-0.914285714285714
2024-01-02,2024-01-04,Noble Predictive Insights,2364.0,41.0,44.0,Online Panel/Text-to-Web,235,2.4,-3.0,41.857142857142854,42.885714285714286,-1.028571428571428
2024-01-02,2024-01-04,Rasmussen,1044.0,40.0,49.0,IVR/Online Panel,277,2.1,-9.0,41.42857142857143,43.6,-2.171428571428571
2024-01-03,2024-01-05,OnMessage Inc.,800.0,40.0,47.0,Online Panel,239,1.1,-7.0,41.028571428571425,44.199999999999996,-3.171428571428571
2024-01-07,2024-01-09,YouGov,1417.0,44.0,43.0,Online Panel,391,2.9,1.0,41.42857142857143,44.42857142857143,-3.0
2024-01-11,2024-01-14,McLaughlin,2000.0,41.9,44.8,Online Panel,203,0.5,-2.8999999999999986,41.27142857142858,44.82857142857143,-3.557142857142857
2024-01-11,2024-01-12,Cygnal,2000.0,44.5,46.8,Unknown,67,2.1,-2.299999999999997,41.62857142857143,45.22857142857142,-3.599999999999999
2024-01-11,2024-01-14,McLaughlin,1719.0,43.2,47.6,Online Panel,203,0.5,-4.399999999999999,42.08571428571429,46.028571428571425,-3.942857142857142
2024-01-14,2024-01-16,YouGov,1472.0,42.0,42.0,Online Panel,391,2.9,0.0,42.228571428571435,45.74285714285714,-3.5142857142857133
2024-01-16,2024-01-18,NewsNation/Decision Desk HQ,1000.0,42.75,44.01,Online Panel,696,1.6,-1.259999999999998,42.621428571428574,45.029999999999994,-2.4085714285714275
2024-01-16,2024-01-18,Echelon Insights,1029.0,45.0,50.0,Online Panel,407,2.7,-5.0,43.33571428571429,45.458571428571425,-2.122857142857142
2024-01-17,2024-01-19,OnMessage Inc.,800.0,41.0,47.0,Online Panel,239,1.1,-6.0,42.90714285714286,46.029999999999994,-3.122857142857142
2024-01-19,2024-01-23,Clarity,1092.0,45.0,44.0,Online Panel,52,1.6,1.0,43.35,45.91571428571428,-2.565714285714285
2024-01-19,2024-01-22,Bullfinch,1002.0,36.0,39.0,Online Panel,692,1.8,-3.0,42.135714285714286,44.80142857142857,-2.665714285714285
2024-01-21,2024-01-23,YouGov,1497.0,43.0,42.0,Online Panel,391,2.9,1.0,42.107142857142854,44.00142857142857,-1.894285714285714
2024-01-25,2024-01-29,YouGov,1069.0,44.0,43.0,Online Panel,391,2.9,1.0,42.392857142857146,44.144285714285715,-1.7514285714285711
2024-01-25,2024-01-30,UMass Amherst/YouGov,1064.0,43.0,42.0,Online Panel,861,1.8,1.0,42.42857142857143,43.857142857142854,-1.4285714285714286
2024-01-25,2024-01-31,McLaughlin,1000.0,42.0,46.0,Online Panel,203,0.5,-4.0,42.0,43.285714285714285,-1.2857142857142858
2024-01-26,2024-01-29,Emerson,1260.0,41.8,43.1,IVR/Online Panel/Email,88,2.9,-1.3000000000000043,42.114285714285714,42.728571428571435,-0.6142857142857149
2024-01-26,2024-01-30,Hart/POS,1000.0,45.0,49.0,Live Phone,221,2.6,-4.0,42.114285714285714,43.44285714285714,-1.3285714285714292
2024-01-28,2024-01-30,YouGov,1486.0,42.0,42.0,Online Panel,391,2.9,0.0,42.971428571428575,43.871428571428574,-0.9000000000000006
2024-01-30,2024-02-02,OnMessage Inc.,800.0,42.0,46.0,Online Panel,239,1.1,-4.0,42.82857142857143,44.44285714285714,-1.614285714285715
2024-02-02,2024-02-03,Florida Atlantic University/Mainstreet Research,1180.0,38.9,36.3,Online Panel/Text,770,1.8,2.6000000000000014,42.1,43.48571428571428,-1.3857142857142861
2024-02-02,2024-02-03,Florida Atlantic University/Mainstreet Research,917.0,41.4,42.0,Online Panel/Text,770,1.8,-0.6000000000000014,41.87142857142857,43.48571428571428,-1.614285714285715
2024-02-04,2024-02-06,YouGov,1399.0,45.0,42.0,Online Panel,391,2.9,3.0,42.3,42.91428571428571,-0.6142857142857149
2024-02-06,2024-02-08,Cygnal,1501.0,45.1,46.9,Unknown,67,2.1,-1.7999999999999972,42.771428571428565,43.457142857142856,-0.6857142857142853
2024-02-11,2024-02-13,YouGov,1470.0,44.0,42.0,Online Panel,391,2.9,2.0,42.628571428571426,42.457142857142856,0.17142857142857185
2024-02-12,2024-02-14,Echelon Insights,1015.0,46.0,48.0,Online Panel,407,2.7,-2.0,43.199999999999996,43.31428571428571,-0.11428571428571388
2024-02-12,2024-02-14,Big Data Poll,2795.0,40.6,44.2,Online Panel/Text-to-Web/Text,251,1.8,-3.6000000000000014,43.0,43.05714285714286,-0.05714285714285694
2024-02-12,2024-02-14,Big Data Poll,3005.0,39.8,42.9,Online Panel/Text-to-Web/Text,251,1.8,-3.1000000000000014,43.12857142857143,44.0,-0.8714285714285717
2024-02-13,2024-02-14,Emerson,1225.0,42.3,43.9,IVR/Online Panel/Email,88,2.9,-1.6000000000000014,43.25714285714286,44.27142857142858,-1.0142857142857145
2024-02-18,2024-02-20,YouGov,1360.0,43.0,41.0,Online Panel,391,2.9,2.0,42.971428571428575,44.128571428571426,-1.1571428571428573
2024-02-19,2024-02-22,McLaughlin,2000.0,43.0,45.3,Online Panel,203,0.5,-2.299999999999997,42.67142857142857,43.9,-1.2285714285714289
2024-02-19,2024-02-22,McLaughlin,1724.0,44.3,47.9,Online Panel,203,0.5,-3.6000000000000014,42.714285714285715,44.74285714285714,-2.028571428571429
2024-02-21,2024-02-22,OnMessage Inc.,800.0,43.0,46.0,Online Panel,239,1.1,-3.0,42.285714285714285,44.457142857142856,-2.1714285714285717
2024-02-21,2024-02-28,Fabrizio/GBAO,1745.0,42.0,46.0,Live Phone/Text-to-Web,796,1.8,-4.0,42.48571428571428,44.714285714285715,-2.2285714285714286
2024-02-22,2024-02-27,Clarity,1026.0,44.0,40.0,Online Panel,52,1.6,4.0,43.08571428571428,44.300000000000004,-1.2142857142857142
2024-02-24,2024-02-25,Winston,1000.0,44.0,47.0,Online Panel,385,2.5,-3.0,43.32857142857142,44.74285714285714,-1.4142857142857141
2024-02-25,2024-02-27,YouGov,1498.0,44.0,43.0,Online Panel,391,2.9,1.0,43.47142857142857,45.028571428571425,-1.557142857142857
2024-02-26,2024-02-27,RMG Research,1000.0,47.0,49.0,Unknown,555,2.3,-2.0,44.04285714285714,45.55714285714286,-1.5142857142857145
2024-02-27,2024-03-01,GS Strategy Group,2000.0,45.0,41.0,Unknown,478,1.5,4.0,44.142857142857146,44.57142857142857,-0.42857142857142855
2024-03-03,2024-03-05,YouGov,1450.0,41.0,43.0,Online Panel,391,2.9,-2.0,43.857142857142854,44.142857142857146,-0.2857142857142857
2024-03-05,2024-03-06,Emerson,1350.0,44.7,43.4,IVR/Online Panel/Email,88,2.9,1.3000000000000043,44.24285714285715,43.771428571428565,0.47142857142857203
2024-03-05,2024-03-07,OnMessage Inc.,800.0,43.0,46.0,Online Panel,239,1.1,-3.0,44.10000000000001,44.628571428571426,-0.5285714285714279
2024-03-08,2024-03-11,YouGov,994.0,45.0,43.0,Online Panel,391,2.9,2.0,44.24285714285715,44.05714285714286,0.18571428571428633
2024-03-09,2024-03-14,McLaughlin,1000.0,43.0,48.0,Online Panel,203,0.5,-5.0,44.10000000000001,44.771428571428565,-0.6714285714285708
2024-03-10,2024-03-12,YouGov,1367.0,43.0,42.0,Online Panel,391,2.9,1.0,43.52857142857143,43.771428571428565,-0.24285714285714224
2024-03-11,2024-03-15,Noble Predictive Insights,2145.0,43.0,45.0,Online Panel/Text-to-Web,235,2.4,-2.0,43.24285714285715,44.34285714285714,-1.0999999999999994
2024-03-11,2024-03-15,Noble Predictive Insights,2510.0,41.0,42.0,Online Panel/Text-to-Web,235,2.4,-1.0,43.24285714285715,44.199999999999996,-0.9571428571428565
2024-03-12,2024-03-13,PPP,837.0,45.0,46.0,IVR/Text,263,1.4,-1.0,43.285714285714285,44.57142857142857,-1.2857142857142858
2024-03-15,2024-03-17,Florida Atlantic University/Mainstreet Research,1053.0,43.3,43.6,IVR/Text-to-Web,770,1.8,-0.30000000000000426,43.32857142857142,44.228571428571435,-0.9000000000000006
2024-03-15,2024-03-17,Florida Atlantic University/Mainstreet Research,941.0,45.5,44.1,IVR/Text-to-Web,770,1.8,1.3999999999999986,43.39999999999999,44.38571428571429,-0.9857142857142865
2024-03-16,2024-03-19,YouGov,1510.0,44.0,43.0,Online Panel,391,2.9,1.0,43.54285714285714,43.67142857142858,-0.1285714285714294
2024-03-18,2024-03-21,Echelon Insights,1006.0,49.0,46.0,Online Panel,407,2.7,3.0,44.39999999999999,44.24285714285715,0.15714285714285633
2024-03-18,2024-03-28,Marquette Law School,868.0,48.0,52.0,Probability Panel,195,3.0,-4.0,45.11428571428571,45.24285714285715,-0.1285714285714294
2024-03-18,2024-03-28,Marquette Law School,674.0,49.0,51.0,Probability Panel,195,3.0,-2.0,46.25714285714285,46.52857142857143,-0.27142857142857224
2024-03-23,2024-03-26,McLaughlin,2000.0,42.8,46.6,Online Panel,203,0.5,-3.8000000000000043,45.942857142857136,46.614285714285714,-0.6714285714285728
2024-03-23,2024-03-26,McLaughlin,1799.0,43.2,49.2,Online Panel,203,0.5,-6.0,45.92857142857143,47.41428571428571,-1.4857142857142864
2024-03-23,2024-03-27,Clarity,1080.0,43.0,41.0,Online Panel,52,1.6,2.0,45.57142857142857,46.97142857142857,-1.4000000000000006
2024-03-24,2024-03-26,YouGov,1415.0,44.0,42.0,Online Panel,391,2.9,2.0,45.57142857142857,46.82857142857142,-1.2571428571428578
2024-03-25,2024-03-28,UpOne Insights/BSG,1000.0,44.0,45.0,Online Panel,843,1.8,-1.0,44.857142857142854,46.685714285714276,-1.8285714285714292
2024-03-25,2024-03-28,Split Ticket,821.0,44.0,42.0,Online Panel,845,1.8,2.0,44.285714285714285,45.25714285714285,-0.9714285714285721
2024-03-27,2024-03-29,Data for Progress,1200.0,46.0,44.0,Online Panel,522,2.7,2.0,43.857142857142854,44.25714285714285,-0.40000000000000063
2024-03-30,2024-04-02,YouGov,1604.0,44.0,41.0,Online Panel,391,2.9,3.0,44.028571428571425,43.45714285714286,0.5714285714285714
2024-04-02,2024-04-03,Emerson,1438.0,45.6,45.0,IVR/Online Panel/Email,88,2.9,0.6000000000000014,44.371428571428574,42.857142857142854,1.5142857142857145
2024-04-06,2024-04-09,YouGov,1583.0,43.0,43.0,Online Panel,391,2.9,0.0,44.371428571428574,43.142857142857146,1.2285714285714289
2024-04-08,2024-04-11,Public Opinion Strategies,1000.0,42.0,42.0,Live Phone,260,1.7,0.0,44.08571428571429,43.142857142857146,0.9428571428571431
2024-04-09,2024-04-10,Cygnal,1500.0,45.4,46.6,Online Panel,67,2.1,-1.2000000000000028,44.285714285714285,43.371428571428574,0.914285714285714
2024-04-10,2024-04-16,McLaughlin,1000.0,43.0,47.0,Unknown,203,0.5,-4.0,44.142857142857146,44.08571428571429,0.05714285714285694
2024-04-11,2024-04-15,YouGov,1170.0,45.0,42.0,Online Panel,391,2.9,3.0,44.0,43.800000000000004,0.1999999999999998
2024-04-11,2024-04-13,OnMessage Inc.,800.0,44.0,46.0,Online Panel,239,1.1,-2.0,44.0,44.51428571428572,-0.5142857142857145
2024-04-12,2024-04-14,Echelon Insights,1020.0,49.0,46.0,Online Panel,407,2.7,3.0,44.48571428571428,44.65714285714286,-0.17142857142857185
2024-04-12,2024-04-16,Hart/POS,1000.0,46.0,47.0,Live Phone,221,2.6,-1.0,44.91428571428571,45.228571428571435,-0.31428571428571467
2024-04-14,2024-04-16,YouGov,1358.0,43.0,43.0,Online Panel,391,2.9,0.0,45.05714285714286,45.371428571428574,-0.31428571428571467
2024-04-16,2024-04-17,NewsNation/Decision Desk HQ,1000.0,41.58,43.77,Online Panel,696,1.6,-2.190000000000005,44.511428571428574,44.96714285714285,-0.4557142857142864
2024-04-16,2024-04-17,Emerson,1308.0,44.6,44.8,IVR/Online Panel,88,2.9,-0.19999999999999574,44.74,44.652857142857144,0.08714285714285706
2024-04-19,2024-05-04,Data for Progress,4923.0,45.0,45.0,Online Panel,522,2.7,0.0,44.74,45.08142857142857,-0.3414285714285715
2024-04-21,2024-04-23,YouGov,1470.0,44.0,42.0,Online Panel,391,2.9,2.0,44.74,44.51,0.22999999999999993
2024-04-26,2024-04-28,Florida Atlantic University/Mainstreet Research,1046.0,42.7,40.1,IVR/Text-to-Web,770,1.8,2.6000000000000014,43.839999999999996,43.66714285714285,0.172857142857143
2024-04-26,2024-04-28,Florida Atlantic University/Mainstreet Research,851.0,43.5,40.1,IVR/Text-to-Web,770,1.8,3.3999999999999986,43.48285714285714,42.68142857142857,0.8014285714285714
2024-04-27,2024-04-29,Winston,1000.0,45.0,46.0,Online Panel,385,2.5,-1.0,43.76857142857143,43.11,0.6585714285714285
2024-04-28,2024-04-30,YouGov,1479.0,44.0,41.0,Online Panel,391,2.9,3.0,44.11428571428571,42.714285714285715,1.4000000000000006
2024-04-29,2024-05-08,Clarity,1076.0,42.0,41.0,Online Panel,52,1.6,1.0,43.74285714285715,42.17142857142858,1.5714285714285714
2024-05-05,2024-05-07,YouGov,1598.0,44.0,42.0,Online Panel,391,2.9,2.0,43.60000000000001,41.74285714285715,1.8571428571428572
2024-05-06,2024-05-15,Marquette Law School,902.0,50.0,50.0,Probability Panel,195,3.0,0.0,44.45714285714286,42.88571428571429,1.5714285714285714
2024-05-06,2024-05-15,Marquette Law School,684.0,50.0,50.0,Probability Panel,195,3.0,0.0,45.5,44.300000000000004,1.1999999999999997
2024-05-06,2024-05-09,RMG Research,2000.0,48.0,47.0,Unknown,555,2.3,1.0,46.142857142857146,45.285714285714285,0.8571428571428571
2024-05-09,2024-05-15,McLaughlin,1000.0,44.0,46.0,Online Panel,203,0.5,-2.0,46.0,45.285714285714285,0.7142857142857143
2024-05-10,2024-05-14,McLaughlin,2000.0,42.7,45.1,Online Panel,203,0.5,-2.3999999999999986,45.81428571428571,45.87142857142857,-0.05714285714285694
2024-05-10,2024-05-14,McLaughlin,1721.0,44.6,47.5,Online Panel,203,0.5,-2.8999999999999986,46.18571428571429,46.800000000000004,-0.6142857142857139
2024-05-10,2024-05-13,YouGov,1203.0,45.0,41.0,Online Panel,391,2.9,4.0,46.32857142857142,46.65714285714286,-0.3285714285714282
2024-05-12,2024-05-14,YouGov,1586.0,45.0,42.0,Online Panel,391,2.9,3.0,45.61428571428571,45.51428571428572,0.10000000000000041
2024-05-13,2024-05-16,Echelon Insights,1023.0,45.0,49.0,Online Panel,407,2.7,-4.0,44.89999999999999,45.371428571428574,-0.47142857142857103
2024-05-14,2024-05-16,Cygnal,1500.0,44.2,46.1,Unknown,67,2.1,-1.8999999999999986,44.357142857142854,45.24285714285715,-0.8857142857142851
2024-05-14,2024-05-16,OnMessage Inc.,800.0,41.0,48.0,Online Panel,239,1.1,-7.0,43.92857142857143,45.52857142857143,-1.5999999999999994
2024-05-16,2024-05-21,Bullfinch,1000.0,43.0,43.0,Online Panel,692,1.8,0.0,43.971428571428575,45.228571428571435,-1.2571428571428567
2024-05-16,2024-05-21,Bullfinch,1200.0,41.0,42.0,Online Panel,692,1.8,-1.0,43.45714285714286,44.44285714285714,-0.9857142857142855
2024-05-19,2024-05-21,YouGov,1560.0,46.0,42.0,Online Panel,391,2.9,4.0,43.60000000000001,44.58571428571429,-0.9857142857142855
2024-05-21,2024-05-23,Emerson,1100.0,43.9,44.8,IVR/Online Panel/Text-to-Web,88,2.9,-0.8999999999999986,43.44285714285714,44.98571428571428,-1.5428571428571425
2024-05-21,2024-05-23,Marist,1122.0,45.0,45.0,Live Phone/Online Panel/Text-to-Web,183,2.9,0.0,43.44285714285714,44.41428571428571,-0.971428571428571
2024-05-21,2024-05-23,McLaughlin,1000.0,44.0,48.0,Online Panel,203,0.5,-4.0,43.41428571428571,44.685714285714276,-1.2714285714285711
2024-05-23,2024-06-03,Navigator,812.0,50.0,43.0,Online Panel,413,1.3,7.0,44.699999999999996,43.97142857142857,0.7285714285714288
2024-05-25,2024-05-28,YouGov,1547.0,44.0,42.0,Online Panel,391,2.9,2.0,44.84285714285714,43.82857142857142,1.0142857142857145
2024-05-28,2024-05-29,NewsNation/Decision Desk HQ,1000.0,43.46,45.08,Online Panel,696,1.6,-1.6199999999999974,45.194285714285705,44.26857142857143,0.9257142857142863
2024-05-28,2024-05-30,OnMessage Inc.,800.0,41.0,46.0,Online Panel,239,1.1,-5.0,44.48,44.839999999999996,-0.35999999999999943
2024-06-02,2024-06-04,YouGov,1566.0,45.0,44.0,Online Panel,391,2.9,1.0,44.637142857142855,44.72571428571429,-0.0885714285714282
2024-06-03,2024-06-06,YouGov,1243.0,45.0,43.0,Online Panel,391,2.9,2.0,44.637142857142855,44.440000000000005,0.1971428571428575
2024-06-04,2024-06-06,Cygnal,1500.0,45.2,45.3,Unknown,67,2.1,-0.09999999999999432,44.80857142857143,44.05428571428571,0.7542857142857154
2024-06-04,2024-06-05,Emerson,1000.0,42.9,45.3,IVR/Online Panel,88,2.9,-2.3999999999999986,43.794285714285714,44.38285714285714,-0.5885714285714272
2024-06-06,2024-06-10,Monmouth,1034.0,45.0,48.0,Live Phone,215,2.9,-3.0,43.93714285714286,45.239999999999995,-1.3028571428571414
2024-06-07,2024-06-09,Big Village,1423.0,46.8,45.3,Online Panel,37,1.6,1.5,44.41428571428572,45.271428571428565,-0.8571428571428561
2024-06-07,2024-06-09,Big Village,1625.0,43.7,43.0,Online Panel,37,1.6,0.7000000000000028,44.800000000000004,44.84285714285714,-0.042857142857141435
2024-06-07,2024-06-09,Big Village,2026.0,39.9,38.1,Online Panel,37,1.6,1.7999999999999972,44.07142857142857,44.0,0.07142857142857244
2024-06-09,2024-06-11,YouGov,1399.0,44.0,44.0,Online Panel,391,2.9,0.0,43.92857142857143,44.142857142857146,-0.21428571428571327
2024-06-10,2024-06-12,Echelon Insights,1013.0,48.0,47.0,Online Panel,407,2.7,1.0,44.32857142857142,44.38571428571429,-0.05714285714285694
2024-06-11,2024-06-13,OnMessage Inc.,800.0,42.0,48.0,Online Panel,239,1.1,-6.0,44.199999999999996,44.77142857142858,-0.5714285714285714
2024-06-11,2024-06-24,YouGov,2750.0,46.6,41.9,Online Panel,391,2.9,4.700000000000003,44.42857142857143,43.9,0.528571428571429
2024-06-13,2024-06-20,Clarity,1002.0,44.0,43.0,Online Panel,52,1.6,1.0,44.028571428571425,43.57142857142857,0.4571428571428576
2024-06-14,2024-06-18,YouGov Blue,2015.0,49.0,47.0,Online Panel,391,2.9,2.0,44.785714285714285,44.142857142857146,0.6428571428571429
2024-06-16,2024-06-18,YouGov,1396.0,45.0,44.0,Online Panel,391,2.9,1.0,45.51428571428572,44.98571428571428,0.528571428571429
2024-06-18,2024-06-24,McLaughlin,1000.0,43.0,46.0,Unknown,203,0.5,-3.0,45.371428571428574,45.271428571428565,0.10000000000000041
2024-06-20,2024-06-24,McLaughlin,2000.0,42.9,45.1,Online Panel,203,0.5,-2.200000000000003,44.642857142857146,45.0,-0.35714285714285715
2024-06-20,2024-06-24,McLaughlin,1744.0,43.7,47.5,Online Panel,203,0.5,-3.799999999999997,44.88571428571429,44.92857142857143,-0.04285714285714245
2024-06-23,2024-06-25,YouGov,1406.0,44.0,43.0,Online Panel,391,2.9,1.0,44.51428571428572,45.08571428571429,-0.5714285714285714
2024-06-28,2024-06-30,Suffolk,1000.0,44.6,47.3,Live Phone,323,2.9,-2.6999999999999957,44.6,45.699999999999996,-1.0999999999999994
2024-06-28,2024-06-30,CNN/SSRS,1274.0,45.0,47.0,Probability Panel,844,1.8,-2.0,44.028571428571425,45.699999999999996,-1.6714285714285708
2024-06-29,2024-07-02,Fabrizio/GBAO,1500.0,43.0,46.0,Live Phone/Text-to-Web,796,1.8,-3.0,43.74285714285714,45.98571428571428,-2.2428571428571424
2024-06-29,2024-07-01,OnMessage Inc.,800.0,44.0,45.0,Online Panel,239,1.1,-1.0,43.885714285714286,45.84285714285714,-1.9571428571428566
2024-06-29,2024-06-30,Florida Atlantic University/Mainstreet Research,869.0,47.0,44.0,IVR/Online Panel,770,1.8,3.0,44.471428571428575,45.685714285714276,-1.2142857142857133
2024-06-29,2024-06-30,Florida Atlantic University/Mainstreet Research,961.0,45.0,43.0,IVR/Online Panel,770,1.8,2.0,44.65714285714285,45.04285714285714,-0.3857142857142851
2024-06-30,2024-07-01,NewsNation/Decision Desk HQ,1000.0,43.63,43.98,Online Panel,696,1.6,-0.3499999999999943,44.60428571428571,45.18285714285714,-0.5785714285714272
2024-06-30,2024-07-02,YouGov,1392.0,44.0,44.0,Online Panel,391,2.9,0.0,44.51857142857143,44.71142857142858,-0.19285714285714203
2024-07-01,2024-07-03,Split Ticket/Data for Progress,2067.0,48.0,45.0,Online Panel,853,1.8,3.0,44.94714285714286,44.425714285714285,0.5214285714285722
2024-07-01,2024-07-02,Cygnal,1500.0,43.3,47.1,Unknown,67,2.1,-3.8000000000000043,44.99,44.58285714285715,0.40714285714285736
2024-07-07,2024-07-09,YouGov,1443.0,46.0,44.0,Online Panel,391,2.9,2.0,45.27571428571429,44.440000000000005,0.835714285714286
2024-07-07,2024-07-09,Hart/POS,800.0,47.0,46.0,Live Phone,221,2.6,1.0,45.27571428571429,44.72571428571429,0.5500000000000002
2024-07-07,2024-07-08,Emerson,1370.0,44.4,43.1,IVR/Online Panel/Text-to-Web,88,2.9,1.2999999999999972,45.190000000000005,44.74,0.4499999999999998
2024-07-08,2024-07-11,Noble Predictive Insights,2295.0,43.0,44.0,Online Panel/Text-to-Web,235,2.4,-1.0,45.10000000000001,44.74285714285714,0.35714285714285615
2024-07-08,2024-07-11,Noble Predictive Insights,2535.0,42.0,43.0,Online Panel/Text-to-Web,235,2.4,-1.0,44.814285714285724,44.6,0.21428571428571327
2024-07-09,2024-07-10,Marist,1174.0,46.0,44.0,Live Phone/Online Panel,183,2.9,2.0,44.52857142857143,44.457142857142856,0.07142857142857041
2024-07-13,2024-07-15,HarrisX,1918.0,41.0,42.0,Online Panel,133,1.6,-1.0,44.199999999999996,43.72857142857142,0.47142857142857103
2024-07-13,2024-07-16,YouGov,1404.0,45.0,44.0,Online Panel,391,2.9,1.0,44.05714285714286,43.72857142857142,0.3285714285714282
2024-07-15,2024-07-16,Emerson,2000.0,43.7,43.7,IVR/Online Panel/Text-to-Web,88,2.9,0.0,43.58571428571429,43.39999999999999,0.1857142857142853
2024-07-17,2024-07-19,OnMessage Inc.,800.0,43.0,46.0,Online Panel,239,1.1,-3.0,43.38571428571429,43.814285714285724,-0.42857142857142855
2024-07-19,2024-07-22,YouGov,1178.0,45.0,42.0,Online Panel,391,2.9,3.0,43.67142857142858,43.52857142857143,0.14285714285714285
2024-07-19,2024-07-21,Echelon Insights,982.0,48.0,47.0,Online Panel,407,2.7,1.0,44.52857142857143,44.10000000000001,0.42857142857142855
2024-07-19,2024-07-21,HarrisX,2753.0,39.0,44.0,Online Panel,133,1.6,-5.0,43.52857142857143,44.10000000000001,-0.5714285714285714
2024-07-19,2024-07-21,Florida Atlantic University/Mainstreet Research,711.0,44.5,45.1,IVR/Online Panel,770,1.8,-0.6000000000000014,44.02857142857143,44.542857142857144,-0.5142857142857145
2024-07-19,2024-07-21,Florida Atlantic University/Mainstreet Research,780.0,43.5,43.0,IVR/Online Panel,770,1.8,0.5,43.814285714285724,44.4,-0.585714285714286
2024-07-19,2024-07-21,HarrisX,2169.0,41.0,49.0,Online Panel,133,1.6,-8.0,43.42857142857143,45.15714285714286,-1.7285714285714289
2024-07-21,2024-07-23,YouGov,1435.0,46.0,44.0,Online Panel,391,2.9,2.0,43.857142857142854,44.871428571428574,-1.0142857142857145
2024-07-22,2024-07-25,HarrisX,2472.0,44.0,45.0,Online Panel,133,1.6,-1.0,43.714285714285715,45.300000000000004,-1.5857142857142859
2024-07-22,2024-07-24,OnMessage Inc.,800.0,44.0,49.0,Online Panel,239,1.1,-5.0,43.142857142857146,45.58571428571429,-2.442857142857143
2024-07-22,2024-07-23,YouGov,1155.0,44.0,44.0,Online Panel,391,2.9,0.0,43.857142857142854,45.58571428571429,-1.7285714285714289
2024-07-22,2024-07-25,HarrisX,3013.0,41.0,41.0,Online Panel,133,1.6,0.0,43.357142857142854,45.0,-1.6428571428571428
2024-07-22,2024-07-26,Clarity,995.0,44.0,42.0,Online Panel,52,1.6,2.0,43.42857142857143,44.857142857142854,-1.4285714285714286
2024-07-23,2024-07-25,Fabrizio/GBAO,1000.0,46.0,48.0,Unknown,796,1.8,-2.0,44.142857142857146,44.714285714285715,-0.5714285714285714
2024-07-23,2024-07-29,McLaughlin,1000.0,44.0,46.0,Online Panel,203,0.5,-2.0,43.857142857142854,45.0,-1.1428571428571428
2024-07-24,2024-08-01,Marquette Law School,879.0,52.0,48.0,Probability Panel,195,3.0,4.0,45.0,45.42857142857143,-0.42857142857142855
2024-07-24,2024-08-01,Marquette Law School,683.0,52.0,48.0,Probability Panel,195,3.0,4.0,46.142857142857146,45.285714285714285,0.8571428571428571
2024-07-26,2024-07-28,HarrisX/Harris Poll,1066.0,45.0,42.0,Online Panel,133,1.6,3.0,46.285714285714285,45.0,1.2857142857142858
2024-07-26,2024-07-27,Florida Atlantic University/Mainstreet Research,952.0,47.0,42.0,IVR/Online Panel,770,1.8,5.0,47.142857142857146,45.142857142857146,2.0
2024-07-26,2024-07-27,Florida Atlantic University/Mainstreet Research,997.0,46.0,42.0,IVR/Online Panel,770,1.8,4.0,47.42857142857143,45.142857142857146,2.2857142857142856
2024-07-26,2024-07-28,HarrisX/Harris Poll,1130.0,48.0,52.0,Online Panel,133,1.6,-4.0,47.714285714285715,45.714285714285715,2.0
2024-07-26,2024-07-28,Big Data Poll,2919.0,43.7,43.7,Live Phone/Online Panel/Text-to-Web,251,1.8,0.0,47.67142857142857,45.385714285714286,2.2857142857142856
2024-07-26,2024-07-29,American Pulse,1035.0,46.6,45.2,IVR/Live Phone/Online Panel/Text-to-Web,836,1.8,1.3999999999999986,46.9,44.98571428571429,1.9142857142857141
2024-07-26,2024-07-28,Big Data Poll,3097.0,42.7,42.4,Live Phone/Online Panel/Text-to-Web,251,1.8,0.30000000000000426,45.57142857142857,44.18571428571429,1.3857142857142861
2024-07-27,2024-07-30,YouGov,1434.0,46.0,44.0,Online Panel,391,2.9,2.0,45.714285714285715,44.471428571428575,1.2428571428571433
2024-07-29,2024-07-31,RMG Research,3000.0,47.0,47.0,Unknown,555,2.3,0.0,45.714285714285715,45.18571428571429,0.528571428571429
2024-07-31,2024-08-04,Hart/POS,1001.0,44.0,47.0,Live Phone,221,2.6,-3.0,45.42857142857143,45.9,-0.47142857142857103
2024-08-01,2024-08-04,Marist,1513.0,47.0,45.0,Live Phone/Online Panel/Text-to-Web,183,2.9,2.0,45.285714285714285,44.9,0.3857142857142861
2024-08-04,2024-08-06,YouGov,1413.0,45.0,44.0,Online Panel,391,2.9,1.0,45.471428571428575,44.94285714285714,0.528571428571429
2024-08-06,2024-08-08,Cygnal,1500.0,46.4,47.1,Unknown,67,2.1,-0.7000000000000028,45.442857142857136,45.214285714285715,0.2285714285714288
2024-08-08,2024-08-12,Monmouth,801.0,48.0,46.0,Live Phone/Text-to-Web,215,2.9,2.0,46.199999999999996,45.728571428571435,0.47142857142857103
2024-08-11,2024-08-13,YouGov,1407.0,45.0,44.0,Online Panel,391,2.9,1.0,46.05714285714286,45.728571428571435,0.3285714285714282
2024-08-12,2024-08-14,Emerson,1000.0,47.5,45.5,IVR/Online Panel/Text-to-Web,88,2.9,2.0,46.128571428571426,45.51428571428572,0.6142857142857139
